ticker,bse_code
08ABB,543151
08ADD,543170
08ADR,543145
08AGG,543153
08AMD,543147
08AMR,543148
08AQD,543155
08AQR,543168
08BPB,543149
08DPD,543156
08DPR,543169
08GPG,543150
08MPD,543144
08MPR,543146
08QPD,543152
08QPR,543154
11ADD,543179
11ADR,543180
11AGG,543181
11AMD,543182
11AMR,543183
11AQD,543184
11AQR,543185
11DPD,543186
11DPR,543173
11GPG,543174
11MPD,543175
11MPR,543176
11QPD,543177
11QPR,543178
1STCUS,511122
20MICRONS,533022
21STCENMGM,526921
360ONE,542772
3BBLACKBIO,532067
3BFILMS,544412
3CIT,544190
3IINFOLTD,532628
3MINDIA,523395
3PLAND,516092
5PAISA,540776
63MOONS,526881
7NR,540615
7SEASL,540874
7TEC,532404
A1L,542012
A2ZINFRA,533292
AAATECH,543671
AADHARHFC,544176
AADIIND,530027
AAIL,530621
AANCHALISP,538812
AAPLUSTRAD,543319
AARCON,532024
AAREYDRUGS,524412
AARNAV,539562
AARSHYAM,542377
AARTECH,542580
AARTIDRUGS,524348
AARTIIND,524208
AARTIPHARM,543748
AARTISURF,543210
AASHKA,543346
AASTAFIN,511764
AAVAS,541988
AAYUSH,539528
AAYUSHBULL,540718
ABANSENT,512165
ABATEAS,531658
ABB,500002
ABBOTINDIA,500488
ABCAPITAL,540691
ABCINDQ,520123
ABCOTS,544522
ABDL,544203
ABFRL,535755
ABHICAP,532057
ABHIFIN,538935
ABHIINFRA,539544
ABINFRA,544281
ABIRAFN,511756
ABLBL,544403
ABMKNO,531161
ABREL,500040
ABRFL,544422
ABRIL,544500
ABSL10BANK,544719
ABSLAMC,543374
ABSLBANETF,542863
ABSLMSCIN,544706
ABSLNN50ET,542230
ABSLPSE,544218
ABVL,530881
ACC,500410
ACCEDERE,531533
ACCEL,517494
ACCELERATE,543938
ACCELYA,532268
ACCORDTS,544710
ACCURACY,544598
ACE,532762
ACEALPHA,544431
ACEEDU,530093
ACEMEN,539661
ACESEPP,890230
ACESOFT,531525
ACFL,541133
ACFSL,536737
ACGL,505036
ACHYUT,543499
ACI,543657
ACIIN,517356
ACKNIT,530043
ACL,532141
ACLD,544213
ACME,539391
ACMESOLAR,544283
ACML,540146
ACROW,513149
ACSTECH,530745
ACTIVE,541144
ACUTAAS,543349
ADANIENSOL,539254
ADANIENT,512599
ADANIGREEN,541450
ADANIPORTS,532921
ADANIPOWER,533096
ADARSHPL,526711
ADCINDIA,523411
ADCON,539506
ADCOUNTY,544435
ADDIND,507852
ADESHWAR,543309
ADFFOODS,519183
ADHBHUTIN,539189
ADHHATA,531286
ADHIRAJ,780018
ADINATH,514113
ADISHAKTI,543377
ADITYA,513513
ADITYASP,521141
ADL,543231
ADLINE,524604
ADMACH,544669
ADMANUM,511359
ADOR,517041
ADROITINFO,532172
ADSDIAG,523031
ADSL,532875
ADTECH,544185
ADVAIT,543230
ADVANCE,544562
ADVANIHOTR,523269
ADVENTHTL,544446
ADVENZYMES,540025
ADVIKCA,539773
ADVLIFE,521048
ADVMULT,526331
ADVPETR-B,506947
AEGISLOG,500003
AEGISVOPAK,544407
AEIM,526443
AEL,539196
AEONXDIGI,524594
AEPL,542670
AEQUS,544634
AEROENTER,511076
AEROFLEX,543972
AERONEU,543743
AERPACE,534733
AETHER,543534
AFCOM,544224
AFCONS,544280
AFEL,538351
AFFLE,542752
AFFORDABLE,541402
AFIL,544200
AFLTD,544767
AFSL,543712
AGARIND,531921
AGARWAL,530765
AGARWALEYE,544350
AGI,500187
AGIIL,539042
AGIOPAPER,516020
AGOL,542579
AGRIBIO,539546
AGRITECH,537292
AGVENTURES,506579
AHASOLAR,543941
AHCL,544497
AHLEAST,533227
AHLUCONT,532811
AHLWEST,533221
AHMDSTE,522273
AIAENG,532683
AICHAMP,532806
AIHL,542524
AIIL,539177
AIKPIPES,544072
AIMCOPEST,524288
AIML,534064
AIRAN,543811
AIRFLOA,544516
AJANTPHARM,532331
AJANTSOY,519216
AJAXENGG,544356
AJCJEWEL,544425
AJCON,511692
AJMERA,513349
AJWAFUN,526628
AKCAPIT,530499
AKI,542020
AKSHAR,541303
AKSHARCHEM,524598
AKSHOPTFBR,532351
AKUMS,544222
ALANKIT,531082
ALANSCOTT,539115
ALBERTDAVD,524075
ALEMBICLTD,506235
ALEXANDER,511463
ALFAICA,530973
ALFATRAN,517546
ALFAVIO,531156
ALFL,538952
ALFREDHE,505216
ALGOQUANT,505725
ALICON,531147
ALIVUS,543322
ALKALI,533029
ALKEM,539523
ALKOSIGN,543453
ALKYLAMINE,506767
ALLCARGO,532749
ALLDIGI,532633
ALLTIME,544479
ALMONDZ,531400
ALNATRD,506120
ALOKINDS,521070
ALPA,532878
ALPHA,590154
ALPHAETF,544007
ALPHAGEO,526397
ALPHAIND,543937
ALPHALOGIC,542770
ALPINEHOU,526519
ALPL30IETF,543219
ALSL,535916
ALUFLUOR,524634
AMAGI,544679
AMAL,506597
AMALGAM,501622
AMANAYA,543804
AMANTA,544502
AMARJOTHI,521097
AMARNATH,538863
AMARSEC,538465
AMBALALSA,500009
AMBARPIL,519471
AMBER,540902
AMBICAAGAR,532335
AMBIKCO,531978
AMBIT,526439
AMBOAGRI,543678
AMBUJACEM,500425
AMCOIND,530133
AMDIND,532828
AMEENJI,544555
AMERISE,531681
AMFORG,513117
AMIC,544037
AMINTAN,541771
AMIRCHAND,544743
AMITSEC,531557
AMJLAND,500343
AMKAY,544169
AMNPLST,506248
AMPVOLTS,535719
AMRAAGRI,531991
AMRAFIN,539265
AMRAPLIN,526241
AMRUTANJAN,590006
AMS,540066
AMTL,534612
AMWILL,544353
ANANDPROJ,501630
ANANDRATHI,543415
ANANTRAJ,515055
ANDHRAPAP,502330
ANDHRAPET,500012
ANDHRSUGAR,590062
ANDREWYU,526173
ANG,540694
ANGEL,541006
ANGELONE,543235
ANIKINDS,519383
ANIRIT,530705
ANIRITPP,890231
ANJANI,531223
ANJANIFIN,531878
ANJANIFOODS,511153
ANKIN,531673
ANKITMETAL,532870
ANL,544694
ANMOL,542437
ANNAINFRA,530799
ANNVRPP,890229
ANSALAPI,500013
ANSALBU,523007
ANSALHSG,507828
ANSINDUS,531406
ANTARIKSH,501270
ANTELOPUS,530075
ANTHEM,544449
ANUHPHR,506260
ANUP,542460
ANUPAM,530109
ANURAS,543275
ANUROOP,542865
ANVRDHI,538539
APARINDS,532259
APCL,518091
APCOTEXIND,523694
APEX,540692
APIS,506166
APL,544445
APLAB,517096
APLABPP,890217
APLAPOLLO,533758
APLLTD,533573
APMIN,523537
APOLLO,540879
APOLLOFI,512437
APOLLOHOSP,508869
APOLLOIN,503639
APOLLOPIPE,531761
APOLLOTYRE,500877
APOORVA,539545
APPL,544529
APTECHT,532475
APTPACK,506979
APTUS,543335
AQYLON,530943
ARAVALIS,512344
ARCEEIN,520121
ARCFIN,540135
ARCHIDPLY,532994
ARCHIES,532212
ARCHITORG,524640
ARCL,543993
ARDIALL,504370
ARE&M,500008
ARENTERP,526662
AREXMIS,526851
ARFIN,539151
ARIES,532935
ARIGATO,530267
ARIHANT,531381
ARIHANTCAP,511605
ARIHANTSUP,506194
ARIS,544419
ARISE,531017
ARITAS,544683
ARKADE,544261
ARL,542721
ARMAN,538556
ARMANFIN,531179
ARNOLD,537069
AROGRANITE,513729
ARROWGREEN,516064
ARROWHEAD,544025
ARSHIYA,506074
ARSIFHDAD,544749
ARSIFHDG,544691
ARSIFHRG,544689
ARSIFHRHD,544692
ARSIFHRMD,544690
ARSSBL,544530
ARTEFACT,531297
ARTEMISMED,542919
ARTSON,522134
ARUNAHTEL,500016
ARVIND,500101
ARVINDFASN,542484
ARVSMART,539301
ARYACAPM,538716
ARYAMAN,530245
ARYAN,542176
ARYAVAN,539455
ASAHIINDIA,515030
ASAHISONG,532853
ASAL,520119
ASALCBR,507526
ASARFI,543943
ASCENSIVE,543443
ASGARD,512025
ASHAI,519174
ASHAPURMIN,527001
ASHCAP,512247
ASHIANA,523716
ASHIKA,543766
ASHIMASYN,514286
ASHISHPO,530429
ASHNI,541702
ASHNOOR,507872
ASHOKA,533271
ASHOKAMET,540923
ASHOKLEY,500477
ASHRAM,526187
ASHSI,526847
ASHUTPM,531568
ASIACAP,538777
ASIAN,543927
ASIANENE,530355
ASIANHOTNR,500023
ASIANPAINT,500820
ASIANTILES,532888
ASIANTNE,519532
ASIAPAK,530899
ASIIL,502015
ASINPET,524434
ASITCFIN,530723
ASKAUTOLTD,544022
ASMS,532694
ASMTEC,526433
ASPIRA,540788
ASRL,541865
ASSAMENT,542911
ASSOCER,531168
ASSOCIATED,544183
ASTALLTD,512600
ASTAR,531847
ASTEC,533138
ASTERDM,540975
ASTONEALAB,544409
ASTRAL,532830
ASTRAMICRO,532493
ASTRAZEN,506820
ASTRON,540824
ASTRONMULT,544628
ASUTENT,512433
ATALREAL,543911
ATAM,543236
ATENPAPERS,544417
ATGL,542066
ATHARVENT,530187
ATHCON,539099
ATHENAGLO,517429
ATHERENERG,544397
ATIL,544671
ATISHAY,538713
ATL,543954
ATLANTAA,532759
ATLANTAELE,544527
ATLASCYCLE,505029
ATLPP,890228
ATUL,500027
ATULAUTO,531795
ATVOENT,532090
ATVPR,500028
AUBANK,540611
AUREATE,544772
AURIONPRO,532668
AUROLAB,530233
AUROPHARMA,524804
AURUM,539289
AUSOMENT,509009
AUSTENG,522005
AUSTERE,544505
AUTOAXLES,505010
AUTOIETF,543450
AUTOIND,532797
AUTOINT,512277
AUTOPRD,505032
AVADHSUGAR,540649
AVAILFC,531310
AVALON,543896
AVANCE,512149
AVANTEL,532406
AVANTIFEED,512573
AVAX,544337
AVEER,543737
AVG,543910
AVIVA,512109
AVL,540205
AVONMERC,512265
AVONMORE,511589
AVROIND,543512
AVTNPL,519105
AWFIS,544181
AWHCL,543254
AWL,543458
AXELPOLY,513642
AXISBANK,532215
AXISCADES,532395
AXISCETF,543357
AXISHCETF,543348
AXISTECETF,543347
AXISVALUE,544382
AXITA,542285
AXSENSEX,543853
AXTEL,523850
AYE,544699
AYMSYNTEX,508933
AZAD,544061
AZADIND,504731
AZTEC,544177
B2BSOFT,531268
BABA,532380
BACPHAR,524516
BAFNAPH,532989
BAGFILMS,532507
BAIDFIN,511724
BAIKAKAJI,544670
BAJAJ-AUTO,532977
BAJAJCON,533229
BAJAJELEC,500031
BAJAJFINSV,532978
BAJAJHCARE,539872
BAJAJHFL,544252
BAJAJHIND,500032
BAJAJHLDNG,500490
BAJAJINDEF,544364
BAJAJST,507944
BAJEL,544042
BAJFINANCE,500034
BAJGLOB,512261
BALAJEE,544249
BALAJITELE,532382
BALAMINES,530999
BALGOPAL,539834
BALKRISHNA,539251
BALKRISIND,502355
BALMLAWRIE,523319
BALPHARMA,524824
BALRAMCHIN,500038
BALTE,520127
BALUFORGE,531112
BAMBINO,519295
BAMPSL,531591
BANARBEADS,526849
BANARISUG,500041
BANASFN,509053
BANCOINDIA,500039
BANDARAM,524602
BANDHANBNK,541153
BANG,532946
BANK10ADD,544725
BANKADD,543738
BANKBARODA,532134
BANKBEES,590106
BANKBETA,543226
BANKBETF,544093
BANKETF,543944
BANKIETF,542730
BANKINDIA,532149
BANKNIFTY1,590136
BANKPSU,544266
BANSALWIRE,544209
BANSTEA,519353
BANSWRAS,503722
BAPACK,523186
BARODARY,500270
BAROEXT,513502
BASANTGL,524687
BASF,500042
BASML,532674
BATAINDIA,500043
BATLIBOI,522004
BAYERCROP,506285
BAZELINTER,539946
BBL,503960
BBNPNBETF,544196
BBOX,500463
BBTC,501425
BBTCL,543668
BCCFUBA,517246
BCCL,543497
BCG,532368
BCLENTERPR,539621
BCLIND,524332
BCONCEPTS,543442
BCP,537766
BCPL,542057
BDH,524828
BDI,544468
BDL,541143
BECTORFOOD,543253
BEDMUTHA,533270
BEEKAY,539018
BEEYU,532645
BEEZAASAN,544369
BEFOUNDMOL,511585
BEL,500049
BELDING,513307
BELLACASA,539399
BELRISE,544405
BEMHY,522650
BEML,500048
BENARA,541178
BENARAS,509438
BENCHMARK,544052
BENGALASM,533095
BENGALS,512404
BENGALT,532230
BENTCOM,512195
BEPL,500052
BERGEPAINT,509480
BERLDRG,524606
BERVINL,531340
BERYLSE,531582
BESTAGRO,539660
BESTEAST,508664
BETXIND,512477
BFINVEST,533303
BFLAFL,539662
BFSI,543323
BFUTILITIE,532430
BGDL,521238
BGIL,511664
BGRENERGY,532930
BGWTATO,504646
BHAGCHEM,531719
BHAGERIA,530803
BHAGGAS,500051
BHAGWOX,509449
BHAGYANGR,512296
BHANDARI,512608
BHANDERI,538576
BHARAT,511501
BHARATAGRI,531862
BHARATCOAL,544678
BHARATFORG,500493
BHARATGEAR,505688
BHARATRAS,590021
BHARATROHAN,544535
BHARATSE,523229
BHARATWIRE,539799
BHARTIARTL,532454
BHARTIHEXA,544162
BHASKAGR,524534
BHATIA,540956
BHAVIK,544551
BHEL,500103
BHILSPIN,514272
BHUDEVI,526488
BI,526853
BIBCL,524663
BIGBLOC,540061
BIHSPONG,500058
BIKAJI,543653
BIL,526666
BILLWIN,543209
BILVYAPAR,500059
BIMETAL,505681
BINDALEXPO,540148
BIOCON,532523
BIOFILCHEM,524396
BIOGEN,531752
BIRLACABLE,500060
BIRLACORPN,500335
BIRLAMONEY,532974
BIRLANU,509675
BIRLAPREC,522105
BITS,526709
BIZOTIC,543926
BKV,519500
BLACKBUCK,544288
BLACKROSE,514183
BLAL,543898
BLBLIMITED,532290
BLIL,532485
BLISSGVS,506197
BLKASHYAP,532719
BLOIN,513422
BLOOM,526225
BLS,540073
BLSE,544107
BLT,544474
BLUECHIPT,506981
BLUECLOUDS,539607
BLUECOAST,531495
BLUEDART,526612
BLUEJET,544009
BLUESTARCO,500067
BLUESTONE,544484
BLUSPRING,544414
BMAL,535279
BMBMUMG,531420
BMW,542669
BMWVENTLTD,544543
BNAGROCHEM,526125
BNALTD,508136
BNRSEC,523019
BNRUDY,530809
BODALCHEM,524370
BODHTREE,539122
BOMBCYC,501430
BOMBWIR,504648
BOMDYEING,500020
BOMOXY-B1,509470
BOMTALKIES,511246
BONDADA,543971
BONLON,543211
BORANA,544404
BOROLTD,543212
BORORENEW,502219
BOROSCI,544184
BOSCH-HCIL,523398
BOSCHLTD,500530
BOSTON,531458
BPAGRI,514440
BPCL,500547
BPL,500074
BPLPHARMA,541096
BRADYM,505690
BRAHMINFRA,535693
BRAWN,530207
BRGIL,544335
BRIDGESE,530249
BRIGADE,532929
BRIGHOTEL,544457
BRIGHT,543831
BRIGHTBR,526731
BRIJLEAS,532113
BRIPORT,539434
BRISK,544101
BRITANNIA,500825
BRNL,540700
BROACH,544231
BROOKS,533543
BRPL,538546
BRRL,543543
BSE500IETF,541313
BSELALGO,532123
BSHSL,544757
BSL,514045
BSLNIFTY,543474
BSLSENETFG,540008
BSOFT,532400
BTML,543767
BTTL,533108
BUILDPRO,544517
BUTTERFLY,517421
BVCL,532916
BYKE,531373
CALCOM,517236
CALLISTA,539335
CALSOFT,532386
CAMEXLTD,524440
CAMLINFINE,532834
CAMPUS,543523
CAMS,543232
CANBK,532483
CANDOUR,522292
CANFINHOME,511196
CANHLIFE,544583
CANTABIL,533267
CAPACITE,540710
CAPILLARY,544614
CAPITALSFB,544120
CAPLIPOINT,524742
CAPPIPES,538817
CAPRIHANS,509486
CAPRO,507486
CAPTRUST,511505
CARBORUNIV,513375
CARERATING,534804
CARGOSOL,543621
CARGOTRANS,543618
CARRARO,544320
CARTRADE,543333
CARYSIL,524091
CASPIAN,534732
CASTROLIND,500870
CATVISION,531158
CBPL,542934
CCAL,544000
CCAVENUE,539807
CCCL,532902
CCDL,539091
CCHHL,526550
CCL,519600
CCLINTER,531900
CCME,514336
CDG,534796
CEATLTD,500878
CEEJAY,530789
CEENIK,531119
CEETAIN,514171
CEIGALL,544223
CEINSYS,538734
CELEBRITY,532695
CELLA,532701
CELLO,544012
CEMAINFRA,538596
CEMPRO,509496
CENLUB,522251
CENTENKA,500280
CENTEXT,500083
CENTRALBK,532885
CENTRUM,501150
CENTUM,517544
CENTUPLE,531099
CENTURYPLY,532548
CERA,532443
CEREBRAINT,532413
CESC,500084
CEWATER,544315
CFEL,539991
CFF,543920
CGCL,531595
CGFL,539598
CGPOWER,500093
CGVAK,531489
CHADPAP,531946
CHALET,542399
CHALLANI,530747
CHAMBLFERT,500085
CHANDNIMACH,542627
CHANDRAP,530309
CHANDRIMA,540829
CHATHA,544151
CHCL,542678
CHDCHEM,539800
CHEMBOND,530871
CHEMBONDCH,544450
CHEMCON,543233
CHEMCRUX,540395
CHEMFAB,541269
CHEMIESYNT,539230
CHEMKART,544442
CHEMPLASTS,543336
CHEMTECH,537326
CHENFERRO,539011
CHENNPETRO,500110
CHEVIOT,526817
CHIRAHARIT,544561
CHLLTD,532992
CHLOGIST,531977
CHMBBRW,512301
CHOICEIN,531358
CHOKSI,530427
CHOKSILA,526546
CHOLAFIN,511243
CHOLAHLDNG,504973
CHORDIA,519475
CHOTHANI,540681
CHOWGULSTM,501833
CHROME,513005
CHRTEDCA,511696
CHTR,544546
CIANAGRO,519477
CIEINDIA,532756
CIFL,530879
CILSEC,530829
CINDHO,526373
CINDRELL,531283
CINELINE,532807
CINEVISTA,532324
CIPLA,500087
CITADEL,502445
CITICHEM,544324
CITIPOR,531235
CITYMAN,521210
CITYONLINE,538674
CITYSQUARE,544514
CJGEL,507515
CLARA,543435
CLASELE,512213
CLEAN,543318
CLEANMAX,544717
CLEDUCATE,540403
CLFL,540481
CLIOINFO,530839
CLN,544347
CLSEL,530307
CMBL,540199
CMMHOSP,523489
CMPDI,544739
CMRGREEN,544777
CMSINFO,543441
CMXLTD,532217
CNCRD,543619
CNINFOTECH,544343
CNL,544631
COALINDIA,533278
COARO,520131
COASTCORP,501831
COCHINM,513353
COCHINSHIP,540678
COCHMAL,508571
COCKERILL,500147
COFFEEDAY,539436
COFORGE,532541
COHANCE,543064
COLINZ,531210
COLORCHIPS,540023
COLPAL,500830
COMCL,534691
COMFINCAP,535267
COMFINTE,531216
COMMAND,543843
COMMOIETF,543710
COMPEAU,531041
COMPINFO,532456
COMPUPN,507833
COMPUSOFT,532339
COMRADE,543921
COMSYN,539986
CONART,522231
CONCOR,531344
CONCORD,538965
CONCORDBIO,543960
CONFIPET,526829
CONSTRONIC,523844
CONSUMER,544323
CONSUMIETF,543383
CONTAINE,543606
CONTAINER,540597
CONTCHM,506935
CONTICON,531460
CONTILI,531067
CONTPTR,523232
CONTROLPR,522295
CORAGRO,507543
CORALAB,524506
CORALFINAC,531556
CORDSCABLE,532941
CORNE,530755
COROENGG,533167
COROMANDEL,506395
CORONA,544644
COSCO,530545
COSMICCRF,543928
COSMOFE,523100
COSMOFIRST,508814
COSPOWER,543172
COSYN,538922
COTFAB,544195
COUNCODOS,531624
COVANCE,544361
CPCAP,533260
CPEDU,544499
CPL,536974
CPML,542727
CPPLUS,544466
CPSEETF,538057
CRAFTROOT,526349
CRAFTSMAN,543276
CRAMC,544580
CRANEINFRA,538770
CRANESSOFT,512093
CRANEX,522001
CRAVATEX,509472
CREATIVE,539527
CREATIVEYE,532392
CREDITACC,541770
CRESCENTIS,511571
CREST,511413
CRIMSON,526977
CRISIL,500092
CRIZAC,544439
CROISSANCE,531909
CROMPTON,539876
CROPSTER,523105
CRSL,512379
CRSTCHM,526269
CRYOGENIC,544440
CRYSTAL,540821
CSBBANK,542867
CSL,538868
CSLFINANCE,530067
CSURGSU,531380
CTCL,540652
CTE,532801
CTL,538476
CTLLAB,544220
CUB,532210
CUBEXTUB,526027
CUBIFIN,511710
CUMMINSIND,500480
CUPID,530843
CUPIDALBV,512361
CURAA,532332
CWD,543378
CYBELEIND,531472
CYBERMEDIA,532640
CYBERTECH,532173
CYIENT,532175
CYIENTDLM,543933
DABUR,500096
DACHEPALLI,544667
DAICHI,526821
DAIKAFFI,530825
DAL,539681
DALBHARAT,542216
DALMIASUG,500097
DAMCAPITAL,544316
DAMODARIND,521220
DANLAW,532329
DANUBE,540361
DAPS,543651
DARJEELING,539770
DARSHANORNA,539884
DATAMATICS,532528
DATAPATTNS,543428
DATIWARE,519413
DAULAT,530171
DAVANGERE,543267
DAVIN,544331
DBCORP,533151
DBEIL,544276
DBL,540047
DBOL,543593
DBREALTY,533160
DBSTOCKBRO,530393
DCAL,540701
DCBBANK,532772
DCI,543636
DCM,502820
DCMFINSERV,511611
DCMNVL,542729
DCMSHRIRAM,523367
DCMSIL,544702
DCMSRIND,523369
DCW,500117
DCXINDIA,543650
DDEVPLSTIK,543547
DECCAN,542248
DECCANCE,502137
DECIPHER,524752
DECNGOLD,512068
DECOMIC,531227
DECPO,531989
DEEDEV,544198
DEEP,541778
DEEPAI,539559
DEEPAKCHEM,544036
DEEPAKFERT,500645
DEEPAKNTR,506401
DEEPAKSP,514030
DEEPINDS,543288
DEFENCE,544705
DEFRAIL,544677
DEL,542679
DELHIVERY,543529
DELPHIFX,533452
DELTA,539596
DELTACORP,532848
DELTAMAGNT,504286
DEN,533137
DENISCHEM,537536
DENORA,590031
DENTA,544345
DESCO,544387
DESHRAK,531521
DESIFARMS,507984
DEVINE,531585
DEVIT,543462
DEVITRD,512445
DEVLAB,543848
DEVX,544513
DEVYANI,543330
DFL,539190
DFPL,544201
DGCONTENT,542685
DGL,542155
DHABRIYA,538715
DHAMPURE,531923
DHAMPURSUG,500119
DHAN-RE,750942
DHANBANK,532180
DHANCOT,512485
DHANFAB,521151
DHANROTO,521216
DHANSAFAL,512048
DHANUKA,507717
DHARAN,541161
DHARFIN,511451
DHARMAJ,543687
DHARNI,543753
DHATRE,540080
DHENUBUILD,501945
DHILLON,544556
DHINDIA,517514
DHOOTIN,526971
DHPIND,531306
DHRUV,541302
DHRUVCA,531237
DHUNINV,533336
DHYAANITR,543516
DIACABS,522163
DIAMINESQ,500120
DIAMONDYD,540724
DIANATEA,530959
DICIND,500089
DIDL,539900
DIFFNKG,544264
DIGIDRIVE,544079
DIGILOGIC,544684
DIGISPICE,517214
DIGITIDE,544413
DIGJAMLMTD,539979
DIKSAT,540151
DILIGENT,531153
DISAQ,500068
DISHTV,532839
DITCO,539405
DIVGIITTS,543812
DIVIDEND,544661
DIVISLAB,532488
DIVSHKT,526315
DIXON,540699
DJML,543193
DJSSS,511636
DKUAL,544170
DLCL,541299
DLF,532868
DLINKINDIA,533146
DLTNCBL,504240
DMART,540376
DMCC,506405
DML,540811
DMR,543410
DNAMEDIA,540789
DODLA,543306
DOLATALGO,505526
DOLFIN,542013
DOLLAR,541403
DOLPHIN,522261
DOMS,544045
DONEAR,512519
DPABHUSHAN,544161
DPL,543594
DPWIRES,543962
DRA,540144
DRAGARWQ,526783
DRCSYSTEMS,543268
DREAMFOLKS,543591
DREDGECORP,523618
DRL,531553
DRONACHRYA,543713
DRREDDY,500124
DSFCL,544703
DSINVEST,501148
DSSL,532365
DTIL,538902
DUCON,534674
DUKEOFS,531471
DUNCANENG,504908
DUROPACK,526355
DUROPLY,516003
DUTRON,517437
DVL,523736
DWARKESH,532610
DYCL,540795
DYNAMATECH,505242
DYNAMICP,530779
DYNAMIND,524818
DYNAVSN,517238
DYNPRO,532707
E2E,544783
EARKART,544549
EARTH,543765
EASEMYTRIP,543272
EASTBUILD,507917
EASTINDIA,523874
EASTRED,531346
EASTSILK,590022
EASTWEST,540006
EASUN,542906
EASYFIN,511074
EBGNG,544455
EBIX,531035
ECAPINSURE,544326
ECLERX,532927
ECOBOAR,523732
ECOHOTELS,514402
ECOPLAST,526703
ECORECO,530643
ECOSMOBLTY,544239
ECS,540063
ECSTSTL,520081
EDELWEISS,532922
EDVENSWA,517170
EENTER,501386
EFCIL,512008
EFORU,531190
EICHERMOT,505200
EIDPARRY,500125
EIEL,544290
EIGHTY,543518
EIHAHOTELS,523127
EIHOTEL,500840
EIKO,540204
EIMCOELECO,523708
EKAMLEA,530581
EKANSH,531364
EKC,532684
EKENNIS,543475
EKI,543284
ELAND,532820
ELANGO,513452
ELANTAS,500123
ELCIDIN,503681
ELDEHSG,523329
ELECON,505700
ELECTCAST,500128
ELECTHERM,526608
ELEFLOR,526473
ELEMARB,526705
ELFIN,544724
ELFORGE,531144
ELGIEQUIP,522074
ELIN,543725
ELITECON,539533
ELIXIR,531278
ELLEN,544421
ELNET,517477
ELPROINTL,504000
EMAINDIA,522027
EMAMILTD,531162
EMAMIPAP,533208
EMAMIREAL,533218
EMBDL,532832
EMCURE,544210
EMERALD,538882
EMERALL,507265
EMERGENT,506180
EMIAC,544747
EMIL,543626
EMKAY,532737
EMMBI,533161
EMMESSA,524768
EMMFORCE,544166
EMMVEE,544608
EMPIND,509525
EMPOWER,504351
EMROCK,531676
EMSLIMITED,543983
EMUDHRA,543533
ENBETRD,512441
ENCODE,530733
ENDURANCE,540153
ENERGY,544604
ENERGYDEV,532219
ENEXT50,544761
ENGINERSIN,532178
ENIL,532700
ENKEIWHEL,533477
ENRIN,544390
ENTERO,544122
ENTRINT,526574
ENVAIREL,500246
EPACK,544095
EPACKPEB,544540
EPBIO,543595
EPIC,530407
EPIGRAL,543332
EPL,500135
EPSOMPRO,531155
EPUJA,532092
EQUAL200,544377
EQUAL50,544401
EQUAL50ADD,543388
EQUILATERA,531262
EQUIPPP,590057
EQUITASBNK,543243
ERIS,540596
ERPSOFT,530909
ESABINDIA,500133
ESAFSFB,544020
ESARIND,531502
ESCORP,540455
ESCORTS,500495
ESENSEX,544618
ESG,543246
ESHAMEDIA,531259
ESPIRE,532016
ESQRMON,512439
ESSARSHPNG,533704
ESSENTIA,535958
ESSEX,544475
ESTER,500136
ETERNAL,543320
ETHOSLTD,543532
ETIL,538708
EUPHORIAIT,544094
EUREKAFORB,543482
EUREKAI,521137
EUROBOND,544461
EUROLED,526468
EUROPRATIK,544519
EUROTEXIND,521014
EVANS,542668
EVEREADY,531508
EVERESTIND,508906
EVERESTO,524790
EVERFIN,514358
EVEXIA,524444
EVIETF,544394
EVINDIA,544212
EVOQ,543500
EXATO,544626
EXCELINDUS,500650
EXCELSOFT,544617
EXHICON,543895
EXICOM,544133
EXIDEIND,500086
EXPLEOSOL,533121
EXPLICITFIN,530571
EXPOEAPL,526614
EXXARO,543327
EY,512099
FAALCON,544164
FABCLEAN,544332
FABINO,543444
FABTECH,544558
FACORALL,532656
FACT,590024
FAIRCHEMOR,543252
FAMILYCARE,516110
FAZE3Q,530079
FCL,533333
FCSSOFT,532666
FDC,531599
FEDDERSHOL,511628
FEDERALBNK,500469
FEDFINA,544027
FEL,523574
FELDVR,570002
FERMENTA,506414
FERVENTSYN,533896
FFPL,513579
FGP,500142
FIBERWEB,507910
FIEMIND,532768
FIL,544707
FILATEX,526227
FILATFASH,532022
FILME,531486
FILTRA,539098
FINCABLES,500144
FINELINE,517264
FINEORG,541557
FINIETF,543677
FINKURVE,508954
FINOPB,543386
FINPIPE,500940
FIRSTCRY,544226
FIRSTFIN,532379
FISCHER,524743
FIVESTAR,543663
FLAIR,544030
FLEXFO,523672
FLEXIADD,544581
FLEXITUFF,533638
FLFL,536507
FLOMIC,504380
FLORACORP,540267
FLUIDOM,522017
FLUOROCHEM,542812
FMCGADD,544760
FMCGIETF,543326
FMEC,539552
FMGOETZE,505744
FMNL,533296
FOCUS,543312
FONE4,543521
FOODSIN,507552
FORBESCO,502865
FORCEMOT,500033
FORINTL,530213
FORTIS,532843
FORTISMLR,523696
FOSECOC,523160
FOSECOIND,500150
FRACTAL,544700
FRANKLIN,539839
FRANKLININD,540190
FRASER,539032
FRATELLI,541741
FREDUN,539730
FRONTCAP,508980
FRONTCORP,532042
FRONTFN,531685
FRONTSP,522195
FRUTION,538568
FSL,532809
FTL,544173
FUNDVISER,530197
FUSION,543652
FUTSOL,534063
FUTURSEC,523113
FYNX,507962
GABRIEL,505714
GAEL,524226
GAGAN,524624
GAIL,532155
GAJANANSEC,538609
GALACTICO,542802
GALADA,504697
GALADAFIN,538881
GALAGEX,531911
GALAPREC,544244
GALAXYSURF,540935
GALLANTT,532726
GALLARD,544616
GALLOPENT,531902
GALXBRG,526073
GAMCO,540097
GANDHAR,544029
GANDHITUBE,513108
GANECOS,514167
GANESHBE,500153
GANESHCP,544528
GANESHHOU,526367
GANGAPA,531813
GANGAPHARM,539680
GANGESSECU,540647
GANONPRO,512443
GANVERSE,539041
GARBIFIN,539492
GARFIBRES,509557
GARGFUR,530615
GARGI,543709
GARMNTMNTR,539216
GARNET,526727
GARNETINT,512493
GARUDA,544271
GARWAMAR,509563
GARWAOFFS,501848
GARWSYN,514400
GATECH,531723
GATECHDVR,570005
GATEWAY,543489
GAUDIUMIVF,544709
GAYAHWS,541546
GAYAPROJ,532767
GAYATRI,532183
GAYATRIBI,524564
GBFL,538787
GBLOGISTIC,544348
GCMCAPI,538319
GCMCOMM,535917
GCMSECU,535431
GCONNECT,544156
GCSL,543324
GDIL,512091
GDLLEAS,530855
GEE,504028
GEECEE,532764
GEL,540613
GEMAROMA,544491
GEMENVIRO,544199
GEMSI,531137
GEMSPIN,521133
GENCON,539407
GENESYS,506109
GENNEX,531739
GENPHARMA,531592
GENUSPAPER,538961
GENUSPOWER,530343
GENUSPRIME,532425
GEOJITFSL,532285
GESHIP,500620
GETALONG,543372
GFLLIMITED,500173
GGAUTO,531399
GGDPROP,505250
GGL,540936
GGPL,539228
GHCL,500171
GHCLTEXTIL,543918
GHUSHINE,539864
GHVINFRA,505504
GIANLIFE,542918
GICHSGFIN,511676
GICRE,540755
GILADAFINS,538788
GILLANDERS,532716
GILLETTE,507815
GINISILK,531744
GINNIFILA,590025
GIPCL,517300
GITARENEW,539013
GKB,533212
GKCONS,531758
GKENERGY,544525
GKL,540545
GKP,542666
GKSL,544666
GLAAMUP,542477
GLANCE,531199
GLAND,543245
GLAXO,500660
GLCL,540266
GLEN,544444
GLENMARK,532296
GLFL,500174
GLHRL,543520
GLITTEKG,513528
GLOBALCA,530263
GLOBALE,544234
GLOBALLOG,544665
GLOBALVECT,532773
GLOBECIVIL,544424
GLOBTIER,544494
GLOBUSCON,526025
GLOBUSSPR,533104
GLOSTERLTD,542351
GLOTTIS,544557
GLPL,544759
GMBREW,507488
GMDCLTD,532181
GMMPFAUDLR,505255
GMPL,543239
GMRAIRPORT,532754
GMRP&UI,543490
GNA,540124
GNFC,500670
GNRL,513536
GOACARBON,509567
GOBLIN,542850
GOCLCORP,506480
GOCOLORS,543401
GODAVARI,530317
GODAVARIB,544279
GODFRYPHLP,500163
GODIGIT,544179
GODREJAGRO,540743
GODREJCP,532424
GODREJIND,500164
GODREJPROP,533150
GOEL,543538
GOELCONS,544504
GOGIACAPGL,531600
GOKAKTEX,532957
GOKEX,532630
GOKUL,532980
GOKULAGRO,539725
GOLDENCREST,540062
GOLDENTOBC,500151
GOLDIAM,526729
GOLDLEG,509024
GOLDTECH,531439
GOLECHA,531360
GOLKUNDIA,523676
GOODLUCK,530655
GOODRICKE,500166
GOODYEAR,500168
GOPAL,544140
GORANIN,531608
GOTHIPL,531111
GOURMET,506134
GOWRALE,530709
GOYALALUM,541152
GOYALASS,530663
GPAPL,544548
GPIL,532734
GPPL,533248
GPSL,544108
GPTHEALTH,544131
GPTINFRA,533761
GRAMEVA,539120
GRANDMA,504369
GRANDOAK,523862
GRANULES,532482
GRAPHITE,509488
GRASIM,500300
GRATEXI,526751
GRAUWEIL,505710
GRAVISSHO,509546
GRAVITA,533282
GRAVITY,532015
GREAVESCOT,501455
GREENCREST,531737
GREENLAM,538979
GREENPANEL,542857
GREENPLY,526797
GREENPOWER,533263
GRERENEW,544682
GRINDWELL,506076
GRINFRA,543317
GRMOVER,531449
GROARC,532315
GROVY,539522
GROWINGTON,539222
GROWW,544603
GROWWDEFNC,590157
GROWWHOSPI,544721
GROWWPOWER,544473
GROWWRAIL,590158
GRPLTD,509152
GRSE,542011
GRWRHITECH,500655
GSAILPP,890238
GSAUTO,513059
GSBFIN,511543
GSFC,500690
GSLSEC,530469
GSLSU,543829
GSLTD,506186
GSPCROP,544733
GSS,532951
GSTL,540654
GTIL,544675
GTL,500160
GTLINFRA,532775
GTNINDS,500170
GTNTEX,532744
GTPL,540602
GTTDATA,530457
GTV,539479
GUFICBIO,509079
GUJALKALI,530001
GUJAPOLLO,522217
GUJARATPOLY,517288
GUJCONT,513507
GUJCOTEX,514386
GUJCRAFT,526965
GUJCRED,511441
GUJGASLTD,539336
GUJHOTE,507960
GUJHYSPIN,540938
GUJINJEC,524238
GUJINTRX,517372
GUJINV,531341
GUJJUBHAI,532070
GUJPETR,506858
GUJRAFFIA,523836
GUJSTATFIN,532160
GUJTERC,524314
GUJTHEM,506879
GUJTLRM,513337
GUJWIND,541627
GULFOILLUB,538567
GULFPETRO,532543
GULPOLY,532457
GVBL,539206
GVKPIL,532708
GVL,544163
GVPIL,532309
GVT&D,522275
GYANDEV,530141
GYFTR,507912
HAL,541154
HALDER,539854
HALDYNGL,515147
HALEOSLABS,540679
HAMPS,544312
HAMPTON,526407
HANMAN,538731
HANNAH,544687
HANSUGAR,537709
HAPPSTMNDS,543227
HAPPYFORGE,544057
HARAFIN,530927
HARDCAS,509597
HARDWYN,541276
HARIAAPL,538081
HARIAEXPO,512604
HARIKANTA,544769
HARIOMPIPE,543517
HARISH,542682
HARLETH,524080
HARRMALAYA,500467
HARSHA,543600
HARSHDEEP,544105
HARSHILAGR,505336
HARYNACAP,532855
HASJUICE,780014
HASTIFIN,531387
HATHWAY,533162
HATHWAYB,509073
HATSUN,531531
HAVELLS,517354
HAVISHA,531322
HAWAENG,539176
HAWKINCOOK,508486
HAZOOR,532467
HBEL,542592
HBESD,532334
HBGHOTELS,537839
HBLEAS,508956
HBLENGINE,517271
HBPOR,532333
HBSL,532216
HCC,500185
HCG,539787
HCKKVENTURE,539224
HCL-INSYS,500179
HCLTD,538652
HCLTECH,532281
HDBFS,544429
HDFCAMC,541729
HDFCBANK,500180
HDFCBSE500,543774
HDFCGROWTH,543607
HDFCLIFE,540777
HDFCLOWVOL,543627
HDFCMID150,543776
HDFCMOMENT,543628
HDFCNEXT50,543570
HDFCNIF100,543569
HDFCNIFBAN,543224
HDFCNIFIT,543665
HDFCNIFTY,539516
HDFCPSUBK,544110
HDFCPVTBAN,543666
HDFCQUAL,543605
HDFCSENSEX,539517
HDFCSML250,543775
HDFCVALUE,543608
HDIL,532873
HEADSUP,540210
HEALINV,503689
HEALTHADD,544109
HEALTHCARE,544701
HEALTHIETF,543292
HEALTHX,533259
HEALTHY,543473
HEALTHYLIFE,543546
HEERAISP,526967
HEG,509631
HEIDELBERG,500292
HELLOJI,544630
HELPAGE,539174
HEMANG,531178
HEMIPROP,543242
HERANBA,543266
HERCULES,505720
HERITGFOOD,519552
HEROMOTOCO,500182
HESTERBIO,524669
HEXAGON,544785
HEXATRADEX,534328
HEXT,544362
HFCL,500183
HFIL,526899
HGINFRA,541019
HGM,532761
HGS,532859
HIGHENE,504176
HIGHNESS,544741
HIKAL,524735
HIKLASS,542332
HILIKS,539697
HILINFRA,544477
HILLTONE,544308
HILTON,532847
HIMATSEIDE,514043
HIMTEK,505712
HINDADH,514428
HINDALCO,500440
HINDALUMI,531979
HINDAPL,531918
HINDBIO,532041
HINDCOMPOS,509635
HINDCOPPER,513599
HINDHARD,505893
HINDMILL,509895
HINDMOTORS,500500
HINDOILEXP,500186
HINDPETRO,500104
HINDTIN,530315
HINDUNILVR,500696
HINDUST,519574
HINDWAREAP,542905
HINDZINC,500188
HIPOLIN,530853
HIRAUTO,531743
HIRECT,504036
HISARMETAL,590018
HISARSP,521068
HITECH,543411
HITECHCORP,526217
HITECHGEAR,522073
HITKITGLO,532359
HITTCO,531661
HLEGLAS,522215
HLVLTD,500193
HMAAGRO,543929
HMEML,544349
HMT,500191
HMVL,533217
HNDFDS,519126
HOCL,500449
HOM,523387
HOMEFIRST,543259
HONASA,544014
HONAUT,517174
HONDAPOWER,522064
HOTLSILV,532145
HOWARHO,526761
HPAL,543433
HPBL,526717
HPCOTTON,502873
HPIL,543645
HPL,540136
HRS,544656
HRYNSHP,526931
HSCL,500184
HSIL,543916
HTMEDIA,532662
HUBTOWN,532799
HUDCO,540530
HUHTAMAKI,509820
HVL,506024
HYBRIDFIN,500262
HYPERSOFT,539724
HYUNDAI,544274
IBINFO,519463
IBULLSLTD,533520
ICDSLTD,511194
ICICIAMC,544658
ICICIB22,540787
ICICIBANK,532174
ICICIGI,540716
ICICIPRULI,540133
ICIL,521016
ICL,538838
ICODEX,544483
ICON,544426
ICONIKSPEV,511260
ICRA,532835
ICSL,539149
IDBI,500116
IDEA,532822
IDEAFORGE,543932
IDENTIXWEB,544388
IDFCFIRSTB,539437
IDFSENSEXE,540154
IDM,517044
IDREAM,504375
IECEDU,531840
IEX,540750
IFBAGRO,507438
IFBIND,505726
IFCI,500106
IFGLEXPOR,540774
IFINSEC,535667
IFINSER,539692
IFL,540377
IGARASHI,517380
IGCIL,539449
IGCL,544432
IGIL,544311
IGL,532514
IGLFXPL-B,506945
IGPL,500199
IIFL,532636
IIFLCAPS,542773
IIRM,526530
IISL,540134
IITL,501295
IITLPROJ,531968
IKIO,543923
IKOMA,531997
IKS,544309
IL&FSENGG,532907
IL&FSTRANS,533177
IMAGICAA,539056
IMEC,513295
IMFA,533047
IMPAL,590065
INA,543620
INANI,531129
INANISEC,531672
INCAP,517370
INCON,531594
INCREDIBLE,538365
INDAG,509162
INDAGIV,517077
INDBANK,511473
INDBNK,523465
INDCEMCAP,511355
INDCTST,532001
INDERGR,531505
INDGELA,531253
INDGN,544172
INDHOTEL,500850
INDIACEM,530005
INDIAGLYCO,500201
INDIAHOME,530979
INDIAHOMES,513361
INDIAMART,542726
INDIANACRY,514165
INDIANB,532814
INDIANCARD,509692
INDIANHUME,504741
INDIANVSH,501700
INDIASHLTR,544044
INDIGO,539448
INDIGOPNTS,543258
INDINFO,509051
INDIQUBE,544454
INDLEASE,500202
INDNIPPON,532240
INDOAMIN,524648
INDOBELL,544334
INDOBORAX,524342
INDOCITY,532100
INDOCO,532612
INDOCRED,526887
INDOEURO,524458
INDOFARM,544328
INDOKEM,504092
INDONG,543769
INDORAMA,500207
INDOSMC,544681
INDOSTAR,541336
INDOTECH,532717
INDOTHAI,533676
INDOUS,541304
INDOWIND,532894
INDPRUD,501298
INDRAMEDCO,532150
INDRANIB,526445
INDRENEW,536709
INDSILHYD,522165
INDSUCR,500319
INDSWFTLAB,532305
INDTERRAIN,533329
INDTONER,523586
INDUSFINL,531841
INDUSINDBK,532187
INDUSTOWER,534816
INDXTRA,524614
INFINITY,544567
INFLAME,541083
INFOBEAN,543644
INFOMEDIA,509069
INFONATIVE,544393
INFORTEC,504810
INFRA,544704
INFRABEES,543255
INFRAIETF,543571
INFRONICS,537985
INFY,500209
INGERRAND,500210
INLANPR,530787
INLCM,504746
INNOKAIZ,543905
INNOVACAP,544067
INNOVANA,544302
INNOVATIVE,541983
INNOVATORS,541353
INNOVISION,544732
INNOVTEC,523840
INOVSYNTH,533315
INOXGREEN,543667
INOXINDIA,544046
INOXWIND,539083
INSECTICID,532851
INSPIRISYS,532774
INTCAPL,531314
INTECCAP,526871
INTEGFD,519606
INTEGHIT,532303
INTEGRAEN,505358
INTELLECT,538835
INTENTECH,532326
INTERARCH,544232
INTERNET,544438
INTETHR,530921
INTLCOMBQ,505737
INTLCONV,509709
INTRGLB,511391
INTSTOIL,530259
INVENTURE,533506
INVIGO,511716
INVPRECQ,504786
IOB,532388
IOC,530965
IOLCP,524164
IONEXCHANG,500214
IPCALAB,524494
IPL,543311
IPRINGLTD,523638
IRB,532947
IRCON,541956
IRCTC,542830
IREDA,544026
IRFC,543257
IRIS,540735
IRMENERGY,544004
IRONWOOD,508918
ISERA,534920
ISFL,526859
ISFT,533181
ISGEC,533033
ISHANCH,531109
ISHITADR,524400
ISHWATR,506161
ISIFAAFDG,544776
ISIFAAFG,544775
ISIFHLSDG,544697
ISIFHLSG,544696
ISLCONSUL,511609
ISTLTD,508807
ISTRNETWK,524622
ITADD,543935
ITBEES,590141
ITBETA,544102
ITC,500875
ITCHOTELS,544325
ITCONS,543806
ITDC,532189
ITETF,544006
ITHL,500213
ITI,523610
ITIETF,543221
ITL,522183
IVALUE,544523
IVC,511208
IVP,507580
IWP,540954
IXIGO,544192
IZMO,532341
J&KBANK,532209
JACKSON,538422
JAFINANCE,543860
JAGAJITIND,507155
JAGANLAM,530711
JAGJANANI,532825
JAGRAN,532705
JAGSNPHARM,507789
JAGSONSER,530601
JAIBALAJI,532976
JAICORPLTD,512237
JAIHIND,514312
JAIMATAG,523467
JAINCO,526865
JAINEX,505212
JAINMARMO,539119
JAINREC,544537
JAIPAN,505840
JAMESWARREN,538564
JAMNAAUTO,520051
JAMSHRI,502901
JARO,544534
JASCH,500220
JASH,544402
JATTAINDUS,514318
JAUSPOL,526001
JAYAGROGN,524330
JAYANT,543544
JAYATMA,539005
JAYBARMARU,520066
JAYBHCR,501311
JAYCH,506520
JAYIND,531323
JAYKAILASH,544160
JAYKAY,500306
JAYNECOIND,522285
JAYSREETEA,509715
JAYSYNTH,524592
JAYUSH,513252
JBCHEPHARM,506943
JBMA,532605
JDCABLES,544524
JENBURPH,524731
JETFREIGHT,543420
JETKINGQ,517063
JETMALL,543286
JETSOLAR,538794
JFL,540850
JGCHEM,544138
JGTL,544112
JHACC,531550
JHS,532771
JIGAR,540651
JINDALPHOT,532624
JINDALPOLY,500227
JINDALSAW,500378
JINDALSTEL,532286
JINDCAP,530405
JINDHOT,507981
JINDRILL,511034
JINDWORLD,531543
JIOFIN,543940
JISLDVREQS,570004
JISLJALEQS,500219
JITFINFRA,540311
JJFINCOR,523062
JKAGRI,536493
JKCEMENT,532644
JKIL,532940
JKIPL,544547
JKLAKSHMI,500380
JKPAPER,532162
JKTYRE,530007
JLHL,543980
JMDVL,511092
JMFINANCIL,523405
JMJFIN,538834
JNKINDIA,544167
JOHNPHARMA,532154
JOINDRE,531861
JOINTECAED,534659
JOJO,531910
JOLYPLS,507968
JONJUA,542446
JOSTS,505750
JPOLYINVST,536773
JPPOWER,532627
JPTRLES,507987
JSFB,544118
JSHL,538765
JSL,532508
JSLINDL,504080
JSLL,544476
JSTL,538837
JSWCEMENT,544480
JSWDULUX,500710
JSWENERGY,533148
JSWHL,532642
JSWINFRA,543994
JSWSTEEL,500228
JTEKTINDIA,520057
JTLIND,534600
JUBLCPL,544355
JUBLFOOD,533155
JUBLINGREA,543271
JUBLPHARMA,530019
JULIEN,536073
JUMBFNL,511060
JUMBO,516078
JUNGLECAMP,544304
JUNIORBEES,590104
JUNIPER,544129
JUPITERIN,534623
JUSTDIAL,535648
JUSTO,544542
JWL,533272
JYOTHYLAB,532926
JYOTI,504076
JYOTICNC,544081
JYOTIN,542544
JYOTIRES,514448
JYOTISTRUC,513250
KAARYAFSL,540756
KABRADG,524322
KABRAEXTRU,524109
KABSON,524675
KACHCHH,531778
KACL,531780
KAHAN,543979
KAIRA,504840
KAIZENAGRO,538833
KAJALSY,512147
KAJARIACER,500233
KAJARIR,513693
KAKA,543939
KAKATCEM,500234
KAKTEX,521054
KALAMANDIR,543989
KALIND,526935
KALLAM,530201
KALPACOMME,539014
KALPATARU,544423
KALYANCAP,538778
KALYANI,544023
KALYANIFRG,513509
KALYANKJIL,543278
KAMADGIRI,514322
KAMAHOLD,532468
KAMANWALA,511131
KAMATHOTEL,526668
KAMATS,539659
KAMDHENU,532741
KAMOPAINTS,543747
KANANIIND,506184
KANCHI,538896
KANCOTEA,541005
KANDAGIRI,521242
KANISHK,544693
KANORICHEM,506525
KANPRPLA,507779
KANSAINER,500165
KANSHST,513456
KANUNGO,540515
KAPILRAJ,539679
KARANWO,526115
KARBON,544511
KARMAENG,533451
KARNAVATI,538928
KARNAWATI,531671
KARTKIN,501151
KARURVYSYA,590003
KASTURI,544688
KATIPATANG,531126
KATRSPG,502933
KAUSHALYA,532925
KAVDEFENCE,590041
KAYA,539276
KAYCEEI,504084
KAYNES,543664
KAYPOWR,530255
KBSINDIA,530357
KCDGROUP,540696
KCL,539393
KCLINFRA,531784
KCP,590066
KCPSUGIND,533192
KCSL,537784
KDDL,532054
KDML,539788
KEC,532714
KECL,533193
KEDIACN,508993
KEEPLEARN,526677
KEERTHI,518011
KEI,517569
KEIL,539620
KEL,539599
KELENRG,506528
KELLTONTEC,519602
KEMISTAR,531163
KEMP,506530
KENFIN,530547
KENNAMET,505890
KENRIK,544398
KENVI,540953
KERALAYUR,530163
KERNEX,532686
KESAR,543542
KESARENT,507180
KESARPE,524174
KESORAMIND,502937
KEYCORP,507948
KEYFINSERV,512597
KFBL,507474
KFINTECH,543720
KGDENIM,500239
KGES,543289
KGPETRO,531609
KGVL,544270
KHADIM,540775
KHAICHEM,507794
KHAITANLTD,590068
KHANDSE,531892
KHAZANCHI,543953
KHOOBSURAT,535730
KIAASA,544711
KICL,533302
KIDUJA,507946
KIFS,535566
KILITCH,524500
KIMIABL,530313
KIMS,543308
KINETICENG,500240
KINETRU,531274
KINGFA,524019
KINGSINFR,530215
KIOCL,540680
KIRANSY-B,530443
KIRANVYPAR,537750
KIRIINDUS,532967
KIRLFER,500245
KIRLOSBROS,500241
KIRLOSENG,533293
KIRLOSIND,500243
KIRLPNU,505283
KISAAN,519230
KISAN,530145
KISSHT,544754
KITEX,521248
KIZI,544221
KJMCCORP,532304
KJMCFIN,530235
KKALPANAIND,526409
KKCL,532732
KKPLASTICK,523652
KKSHL,544013
KKSILK,544624
KLBRENG-B,522101
KLRFM,507598
KMCSHIL,524520
KMEW,543273
KMFBLDR,531578
KMGMILK,519415
KMSMEDI,540468
KMSUGAR,532673
KNRCON,532942
KOBO,531541
KOHINOOR,512559
KOKUYOCMLN,523207
KOLTEPATIL,532924
KONNDOR,532397
KOPRAN,524280
KOTAKBANK,500247
KOTHARIPRO,530299
KOTIC,509732
KOTYARK,544726
KOURA,544139
KOVAI,523323
KPEL,539686
KPGEL,544150
KPIGREEN,542323
KPIL,522287
KPITTECH,542651
KPL,539997
KPRMILL,532889
KPT,505299
KRANTI,542459
KRBL,530813
KREBSBIO,524518
KREONFIN,530139
KRETTOSYS,531328
KRIDHANINF,533482
KRIFILIND,500248
KRISHIVAL,544416
KRISHNA,504392
KRISHPP,890232
KRITI,526423
KRITINUT,533210
KRN,544263
KRONOX,544187
KROSS,544253
KRRAIL,514360
KRSNAA,543328
KRUPALU,544509
KRYPTONQ,523550
KRYSTAL,544149
KSB,500249
KSCL,532899
KSE,519421
KSHINTL,544664
KSL,500235
KSOLVES,543599
KSR,544615
KSSMART,516038
KTIL,533289
KTKBANK,532652
KUANTUM,532937
KUBERJI,539408
KUMPFIN,526869
KUNSTOFF,523594
KUSHIND,514240
KUSUMEL,511048
KUWERIN,530421
KVFORGE,513369
KVSCASTING,544554
KVTOYS,544641
KWIL,544622
KZLFIN,511728
LABELKRAFT,543830
LACTOSE,524202
LADDERUP,530577
LADDU,537707
LAFFANSQ,524522
LAHL,540026
LAHOTIOV,531842
LAKESHORE,519612
LAKHOTIA,535387
LAKPRE,506079
LAKSELEC,504258
LAKSHMIEW,505302
LAKSHMIMIL,502958
LAL,540952
LALPATHLAB,539524
LAMBODHARA,590075
LANCER,539841
LANCORHOL,509048
LANDMARC,532275
LANDMARK,543714
LANDSMILL,533090
LAOPALA,526947
LASA,540702
LASTMILE,526961
LATENTVIEW,543398
LATIMMETAL,505693
LAURUSLABS,540222
LAXMIDENTL,544339
LAXMIINDIA,544465
LAXMIPATI,537669
LCCINFOTEC,532019
LEADFIN,531288
LEENEE,517415
LEHAR,532829
LELAVOIR,539814
LEMONTREE,541233
LENSKART,544600
LERTHAI,502250
LESHAIND,533602
LEX,541196
LEXGLOBAL,512345
LEXORAA,531944
LGBBROSLTD,500250
LGBFORGE,533007
LGEINDIA,544576
LGLL,544341
LGT,544489
LIBERTSHOE,526596
LIBORD,531027
LIBORDFIN,511593
LICHSGFIN,500253
LICI,543526
LICNETFN50,539480
LICNETFSEN,539487
LICNFNHGP,539784
LICNMID100,544123
LIKHAMI,539927
LIKHITHA,543240
LIMECHM,507759
LINC,531241
LINCOLN,531633
LINDEINDIA,523457
LINKPH,524748
LIPPISYS,526604
LIQUID1,590139
LKMEHTA,544366
LKPSEC,540192
LLFICL,540360
LLOYDSENGG,539992
LLOYDSENT,512463
LLOYDSME,512455
LMW,500252
LODHA,543287
LOGICA,543746
LOGICIEL,544625
LOKESHMACH,532740
LONGSPUR,504340
LOOKS,534422
LORDSCHLO,500284
LORDSHOTL,530065
LOTUSCHO,523475
LOTUSDEV,544469
LOTUSEYE,532998
LOVABLE,533343
LOWVOL,543858
LOWVOLIETF,540612
LOYAL,539227
LOYALTEX,514036
LPDC,533012
LT,500510
LTELEVATOR,544518
LTF,533519
LTFOODS,532783
LTM,540005
LTTS,540115
LUDLOWJUT,526179
LUMAXIND,517206
LUMAXTECH,532796
LUPIN,500257
LUXIND,539542
LUXURY,544635
LWSKNIT,531402
LXCHEM,543277
LYKALABS,500259
LYKISLTD,530689
LYONSCO,531441
LYPSAGEMS,534532
M&M,500520
M&MFIN,532720
MAANALU,532906
MACH,541973
MACHLTD,544248
MACIND,543934
MACPLASQ,523248
MADALA,532344
MADHAV,515093
MADHAVIPL,539894
MADHUCON,531497
MADHUDIN,515059
MADHUSE,511000
MADRASFERT,590134
MAFANG,543291
MAFATIND,500264
MAFIA,543613
MAGADSUGAR,540650
MAGANTR,512377
MAGENTA,544188
MAGNAELQ,517449
MAGNUM,532896
MAGNUS,517320
MAHABANK,532525
MAHACORP,505523
MAHALIFE,544611
MAHALXSE,513460
MAHAPEXLTD,523384
MAHASTEEL,513554
MAHEPC,523754
MAHIP,542503
MAHKTECH,543414
MAHLIFE,532313
MAHLOG,540768
MAHSCOOTER,500266
MAHSEAMLES,500265
MAIDEN,543874
MAINFRA,531540
MAITHANALL,590078
MAITRI,513430
MAJESAUT,500267
MAKEINDIA,543454
MAKERSL,506919
MAL,531613
MALLCOM,539400
MALPANI,544351
MALTLAND,539560
MALUPAPER,532728
MAMATA,544318
MANAKALUCO,539045
MANAKCOAT,539046
MANAKSIA,532932
MANAKSTEEL,539044
MANALIPETC,500268
MANAPPURAM,531213
MANAS,540402
MANBA,544262
MANBRO,512595
MANCREDIT,505850
MANGALAM,532637
MANGALCOMP,544287
MANGIND,537800
MANGLAM,503626
MANGLMCEM,502157
MANINDS,513269
MANINFRA,533169
MANIVENI,544768
MANKIND,543904
MANOJJEWEL,544400
MANOMAY,540396
MANORAMA,541974
MANORG,514418
MANRAJH,530537
MANSIFIN,511758
MANTRA,511577
MANUFGBEES,544493
MANUGRAPH,505324
MANYAVAR,543463
MAPMYINDIA,543425
MAPROIN,509762
MARALOVER,521018
MARATHON,503101
MARBLE,531281
MARBU,523566
MARCLOIRE,544437
MARGOFIN,500206
MARICO,531642
MARIS,531503
MARKOLINES,543364
MARKSANS,524404
MARSONS,517467
MARUTI,532500
MASFIN,540749
MASPTOP50,543365
MASTEK,523704
MASTERTR,511768
MATRIMONY,540704
MAWANASUG,523371
MAXESTATES,544008
MAXHEALTH,543220
MAXHEIGHTS,534338
MAXIMUS,540401
MAXIND,543223
MAYUR,531680
MAYURFL,531221
MAYURUNIQ,522249
MAZDA,523792
MAZDOCK,543237
MBEL,544470
MBLINFRA,533152
MCCHRLS-B,507836
MCFL,544106
MCLEODRUSS,532654
MCLOUD,538891
MCLTD,511401
MCPL,544073
MCX,534091
MDRC,544673
MDRNSTL,513303
MEAPL,539762
MEDANTA,543654
MEDIAONE,503685
MEDIASSIST,544088
MEDICAMEQ,531146
MEDICAPQ,523144
MEDICO,540937
MEDPLUS,543427
MEENST,512505
MEERA,540519
MEESHO,544632
MEFCOMCAP,531176
MEGACOR,531417
MEGAMONT,523888
MEGASTAR,541352
MEGRISOFT,539012
MEHAI,540730
MEHIF,511377
MEHSECU,511738
MEHUL,544472
MEIL,544492
MENAMANI,531127
MENNPIS,531727
MENONBE,523828
MEP,539126
MERCANTILE,538942
MERCTRD,512415
MERCURYEV,531357
MERCURYLAB,538964
META,534535
METAINFO,544441
METAL,544268
METALCO,531810
METALIETF,544229
METHODHUB,544637
METROBRAND,543426
METROGLOBL,500159
METROPOLIS,542650
METSL,538401
MFLINDIA,526622
MFML,544233
MFSINTRCRP,513721
MFSL,500271
MGEL,544273
MGIL,531319
MGL,539957
MHEL,540150
MHLSDD,544592
MHLSDDR,544593
MHLSDG,544591
MHLSRD,544589
MHLSRDR,544590
MHLSRG,544588
MHLXMIRU,514450
MHRIL,533088
MHSGRMS,526795
MICEL,532850
MICROSE,523343
MID150BEES,590144
MID150CASE,544193
MIDCAPADD,544655
MIDCAPBETA,543975
MIDCAPETF,543481
MIDCAPIETF,542921
MIDEASTP,526251
MIDHANI,541195
MIDINDIA,500277
MIDPOLY,531597
MIDQ50ADD,543438
MIDSELIETF,539980
MIDSMALL,544180
MIDWEST,526570
MIDWESTLTD,544587
MIHIKA,538895
MIIL,538668
MIL,539938
MILEFUR,541337
MILESTONE,531338
MILLENNIUM,511187
MINALIND,522235
MINAXI,531456
MINDACORP,538962
MINDTECK,517344
MINID,523373
MIRCELECTR,500279
MIRZAINT,526642
MISHDESIGN,544015
MISHKA,539220
MISHTANN,539594
MISQUITA,542801
MITSHI,523782
MITSU,540078
MITTALSTL,544575
MIVENMACH,522036
MIZVEN,531537
MKEXIM,538890
MKPL,543919
MKPMOB,521244
MKTCREAT,526891
MKVENTURES,514238
MLINDLTD,512153
MLKFOOD,507621
MMFL,522241
MMLF,535910
MMRUBBR-B,509196
MMTC,513377
MMWL,512267
MNFL,544623
MNIL,539767
MNPLFIN,507938
MOBAVENUE,539682
MOBIKWIK,544305
MOCAPITAL,590149
MODAIRY,519287
MODEFENCE,590152
MODINATUR,519003
MODINSU,515008
MODIPON,503776
MODIRUBBER,500890
MODIS,543539
MODISONLTD,506261
MODMA,517336
MODRNSH,509760
MODTHREAD,500282
MODULEX,504273
MODWOOL,503772
MOHEALTH,543563
MOHITE,532140
MOHITIND,531453
MOHITPPR,530169
MOIL,533286
MOL,543331
MOLDTECH,526263
MOLDTKPAC,533080
MOLOWVOL,543501
MOM100,536960
MOM30IETF,543568
MOM50,590115
MOMENTUM,543575
MOMENTUM50,590151
MOMOMENTUM,543465
MONARCH,511551
MONEYBOXX,538446
MONGIPA,530167
MONIFTY500,590153
MONIKA,544451
MONIND,532078
MONOT,505343
MONQ50,543437
MONTECARLO,538836
MOQUALITY,543577
MORARJEE,532621
MORARKFI,511549
MOREALTY,590150
MOREPENLAB,500288
MORGAN,526237
MOSCHIP,532407
MOSMALL250,590148
MOTHERSON,517334
MOTILALOFS,532892
MOTISONS,544053
MOTOGENFIN,501343
MOUNT,542864
MOVALUE,543576
MPAGI,506543
MPDL,532723
MPFSL,532470
MPHASIS,526299
MPILCORPL,500450
MPKSTEELS,544553
MPL,526143
MPSLTD,532440
MRCAGRO,540809
MRF,500290
MRP,543262
MRPL,500109
MRTX,544773
MRUTR,512065
MSAFE,544695
MSCI360,544766
MSCIADD,544620
MSCTC,513544
MSECL,544453
MSL,539275
MSPL,532650
MSTCLTD,542597
MSUMI,543498
MTARTECH,543270
MTEDUCARE,534312
MTL,544751
MTNL,500108
MTPL,540254
MUDRA,539819
MUDUNURU,538743
MUFIN,542774
MUFTI,544058
MUKANDLTD,500460
MUKATPIP,523832
MUKESHB,530341
MUKKA,544135
MUKTA,535204
MUKTAARTS,532357
MUL,539219
MULLER,501477
MULTIBASE,526169
MULTICAP,544241
MULTIIN,505594
MUNCAPM,511200
MUNJALAU,520059
MUNJALSHOW,520043
MUNOTHFI,531821
MURUDCERA,515037
MUTHOOTCAP,511766
MUTHOOTFIN,533398
MUTHOOTMF,544055
MVGJL,543995
MWL,544764
MYMONEY,538862
MYSORPETRO,506734
MYSTICELE,535205
NACDAC,544313
NACLIND,524709
NAGPI,532362
NAGREEKCAP,532895
NAGREEKEXP,521109
NAHARCAP,532952
NAHARINDUS,519136
NAHARPOLY,523391
NAHARSPING,500296
NAKSH,539402
NAM,538395
NAM-INDIA,540767
NANTA,544668
NAPEROL,500298
NAPL,538926
NAPSGLOBAL,544373
NARMADA,543643
NARMADESH,544680
NARMP,517431
NARPROP,531416
NATCAPSUQ,524654
NATCOPHARM,524816
NATFIT,531289
NATGENI,531651
NATHBIOGEN,537291
NATHIND,502587
NATHUEC,531834
NATIONALUM,532234
NATIONSTD,504882
NATPLAS,526616
NATPLASTI,531287
NATPLY,516062
NATRAJPR,530119
NATURAL,543207
NAUKRI,532777
NAVA,513023
NAVIGANT,539521
NAVINFLUOR,532504
NAVKARCORP,539332
NAVKARURB,531494
NAVNETEDUL,508989
NAZARA,543280
NBCC,534309
NBFOOT,523242
NBL,543351
NCC,500294
NCCBLUE,519506
NCLIND,502168
NCLRESE,530557
NCML,544510
NDASEC,511535
NDL,532641
NDLVENTURE,500189
NDRAUTO,543214
NDTV,532529
NEAGI,508670
NECCLTD,534615
NECLIFE,532649
NEELKAN,531049
NEELKANTH,512565
NEERAJ,539409
NEETUYOSHI,544434
NEIL,539016
NELCAST,532864
NELCO,504112
NEOGEN,542665
NEOINFRA,514332
NEPHROPLUS,544647
NEPLOG,544663
NESCO,505355
NESTLEIND,500790
NETF,590160
NETLINK,509040
NETPIX,543247
NETTLINX,511658
NETWEB,543945
NETWORK18,532798
NEULANDLAB,524558
NEWGEN,540900
NEWINFRA,531959
NEWLIGHT,540243
NEWMKTAVE,508867
NEWTRAC,514060
NEXOME,508905
NEXT30ADD,544352
NEXT50,542922
NEXT50ADD,544674
NEXT50BETA,540669
NEXT50IETF,541809
NEXTMEDIA,532416
NEXUSSURGL,538874
NEXXUS,544265
NFL,523630
NGIL,541418
NGIND,530897
NGLFINE,524774
NH,539551
NHCFOODS,517554
NHL,544245
NHPC,533098
NIACL,540769
NIBE,535136
NIBL,535458
NICCOPAR,526721
NIDHGRN,512103
NIF100BEES,537483
NIF100IETF,537008
NIFTY1,537708
NIFTYADD,543440
NIFTYBEES,590103
NIFTYBETA,539313
NIFTYBETF,544092
NIFTYCASE,544586
NIFTYETF,542131
NIFTYIETF,537007
NIFTYQLITY,543574
NIHARINF,531083
NIITLTD,500304
NIITMTS,543952
NIKHILAD,526159
NIKSTECH,543282
NILACHAL,502294
NILAINFRA,530377
NILASPACES,542231
NILE,530129
NILKAMAL,523385
NIMBSPROJ,511714
NINSYS,539843
NIPPOBATRY,504058
NIRAJ,532986
NIRAVCOM,512425
NIRLON,500307
NIRMITEE,543194
NISMGMT,544495
NISUS,544296
NITCO,532722
NITINCAST,508875
NITINSPIN,532698
NITTAGELA,506532
NIVABUPA,544286
NIVAKA,542206
NIYOGIN,538772
NKIND,519494
NLCINDIA,513683
NLFL,531212
NMDC,526371
NMSGLOBAL,522289
NOBPOL,539200
NOCIL,500730
NOIDATOLL,532481
NOL,507813
NORBTEAEXP,519528
NORRIS,524414
NORTHARC,544260
NORTHLINK,539110
NOUVEAU,531465
NOVAAGRI,544100
NOVARTIND,500672
NOVATEOR,542771
NOVELIX,536565
NOVIS,513566
NOVUS,544735
NPFL,544269
NPL,544205
NPRFIN,530127
NPST,544396
NRAIL,516082
NRBBEARING,530367
NSBBPO,544571
NSDL,544467
NSIL,532256
NSL,542628
NSLNISP,543768
NTCIND,526723
NTPC,532555
NTPCGREEN,544289
NUCLEUS,531209
NUKLEUS,544370
NURECA,543264
NUTECGLOB,531304
NUVAMA,543988
NUVOCO,543334
NV20IETF,539945
NVENTURES,543522
NWIL,531889
NYKAA,543384
NYSSACORP,504378
OAL,500078
OASISEC,512489
OBCL,541206
OBEROIRLTY,533273
OCCLLTD,544278
OCEANIC,540405
OCTAL,538894
OCTAVE,521062
OCTAVIUSPL,542938
OCTAWARE,540416
ODIGMA,544301
ODYCORP,531996
ODYSSEY,530175
OFSS,532466
OIL,533106
OILCOUNTUB,500313
OILIETF,544216
OIVL,530805
OKPLA,526415
OLAELEC,544225
OLATECH,543578
OLECTRA,532439
OLPCL,534190
OLYMPTX,521105
OLYOI,507609
OMAXAUTO,520021
OMAXE,532880
OMEAG,519479
OMFREIGHT,544564
OMINFRAL,531092
OMKARPH,532167
OML,544559
OMNI,544720
OMNIAX,532340
OMNIPOTENT,543400
OMNITEX,514324
OMPOWER,544750
ONEGLOBAL,514330
ONELIFECAP,533632
ONEPOINT,544748
ONESOURCE,544292
ONGC,500312
ONIXSOLAR,513119
ONMOBILE,532944
ONTIC,540386
ONWARDTEC,517536
OONE,535657
OPCHAINS,539116
OPTIEMUS,530135
OPTIFIN,531254
ORBTEXP,512626
ORCHASP,532271
ORCHPHARMA,524372
ORGANICREC,543997
ORGCOAT,531157
ORIBEVER,507690
ORICONENT,513121
ORIENTALTL,532817
ORIENTBELL,530365
ORIENTCEM,535754
ORIENTCER,504879
ORIENTELEC,541301
ORIENTHOT,500314
ORIENTLTD,526325
ORIENTPPR,502420
ORIENTTECH,544235
ORIENTTR,531512
ORIRAIL,531859
ORISSAMINE,590086
ORKLAINDIA,544595
OROSMITHS,531626
ORTEL,539015
ORTINGLOBE,539287
OSEASPR,509782
OSIAJEE,540198
OSWALAGRO,500317
OSWALGREEN,539290
OSWALPUMPS,544418
OTCO,523151
OVAL,544498
OVOBELE,530741
OXFORDIN,514414
OXYGENTAPH,524636
PACE,543637
PACEDIGITK,544550
PACIFICI,523483
PADALPO,531779
PADAMCO,531395
PADMAIND,526905
PADMALAYAT,532350
PAGEIND,532827
PAISALO,532900
PAJSON,544657
PAKKA,516030
PALASHSECU,540648
PALCO,539121
PALMJEWELS,541444
PALREDTEC,532521
PANABYTE,538742
PANACEABIO,531349
PANAENERG,504093
PANAFIC,538860
PANAMAPET,524820
PANCARBON,508941
PANCHMAHQ,513511
PANCHSHEEL,531726
PANCM,500322
PANELEC,517397
PANHR,544698
PANIDPR,524055
PANINDIAC,511525
PANJON,526345
PANKAJPO,531280
PANORAMA,539469
PANTH,539143
PARACABLES,530555
PARADEEP,543530
PARAGMILK,539889
PARAGONF,531255
PARAS,543367
PARASPETRO,521246
PARKERAC,524628
PARKHOSPS,544645
PARKHOTELS,544111
PARLEIND,532911
PARMAX,540359
PARMCOS-B,507970
PARMESHWAR,544330
PARMSILK,540467
PARNAXLAB,506128
PARSHVA,542694
PARSHWANA,511176
PARSVNATH,532780
PARVATI,541347
PASARI,521080
PASHUPATI,544448
PASUPTAC,500456
PASUSPG,503092
PATANJALI,500368
PATELCHEM,544460
PATELENG,531120
PATELRMART,544487
PATELSAI,517417
PATIDAR,524031
PATINTLOG,526381
PATRON,543798
PATSPINLTD,514326
PAUSHAKLTD,532742
PAVNAIND,543915
PAYTM,543396
PBAINFRA,532676
PBFL,539352
PBGLOBAL,506580
PBMPOLY,514087
PCBL,506590
PCCOSMA,524136
PCJEWELLER,534809
PCL,543814
PCS,517119
PDMJEPAPER,539785
PDSL,538730
PEARLPOLY,523260
PECOS,539273
PEETISEC,531352
PEIL,533100
PENIND,513228
PENINLAND,503031
PERFEPA,526435
PERMAGN,504132
PERSISTENT,533179
PERVASIVE,517172
PESB,544141
PETPLST,524046
PETRONET,532522
PFC,532810
PFIZER,500680
PFL,544259
PFLINFOTC,531769
PFOCUS,532748
PFS,533344
PGCRL,543540
PGEL,533581
PGFOILQ,526747
PGHH,500459
PGHL,500126
PGIL,532808
PHARMABEES,590142
PHARMAID,524572
PHCAP,500143
PHLSDDI,544791
PHLSDDP,544792
PHLSDG,544790
PHLSRDI,544788
PHLSRDP,544789
PHLSRG,544787
PHOENIXLTD,503100
PHOENXINTL,526481
PHOSPHATE,542123
PHOTOQUP,526588
PHRMASI,523620
PHYTO,524808
PICCADIL,530305
PICCASUG,507498
PICTUREHS,532355
PIDILITIND,500331
PIGL,543912
PIIND,523642
PILANIINVS,539883
PILITA,500327
PINELABS,544606
PIONEEREMB,514300
PIONRINV,507864
PIOTEX,544178
PIRAMALFIN,544597
PITTIENG,513519
PIXTRANS,500333
PJL,539401
PLASTIBLEN,523648
PLATIND,544134
PLAZACABLE,544003
PMCFIN,534060
PML,539113
PNB,532461
PNBGILTS,532366
PNBHOUSING,540173
PNC,532387
PNCINFRA,539150
PNGJL,544256
PNGSREVA,544718
PNTKYOR,524210
POBS,543352
POCL,532626
PODDARMENT,524570
POEL,539195
POKARNA,532486
POLICYBZR,543390
POLSON,507645
POLYCAB,542652
POLYCHEM,506605
POLYCHMP,526043
POLYCON,531397
POLYLINK,531454
POLYMAC,537573
POLYMED,531768
POLYPLEX,524051
POLYSPIN,539354
PONNIERODE,532460
POOJA,540727
POOJAENT,532011
POONADAL,519359
POONAWALLA,524000
POPEES,531971
POPULARES,531870
PORWAL,532933
POWERGRID,532898
POWERICA,544744
POWERINDIA,543187
POWERMECH,539302
PPAP,532934
PPARIVAH,544383
PPL,542684
PPLPHARMA,543635
PQIF,540717
PRABHA,544379
PRABHHANS,530361
PRADPME,513532
PRAENG,531746
PRAGBOS,500192
PRAJIND,522205
PRAKASH,506022
PRAKASHSTL,533239
PRARUH,544538
PRATIK,526490
PRATIKSH,531257
PRAVEG,531637
PRAXIS,540901
PRECAM,539636
PRECISIO,517258
PRECWIRE,523539
PREMCAP,511016
PREMCO,530331
PREMEXPLN,526247
PREMIER,500540
PREMIERENE,544238
PREMIERPOL,514354
PREMSYN,509835
PRERINFRA,531802
PRESTIGE,533274
PREVEST,543363
PRICOLLTD,540293
PRIMAGR,519262
PRIMAIN,531246
PRIMAPLA,530589
PRIMECAPM,535514
PRIMEFRESH,540404
PRIMEPRO,530695
PRIMESECU,500337
PRIMEURB,521149
PRIMIND,519299
PRIMO,506852
PRINCEPIPE,542907
PRISMFN,531735
PRISMMEDI,512217
PRISMX,501314
PRITHVIEXCH,531688
PRITIKAUTO,539359
PRIVISCL,530117
PRIYALT,524580
PROCLB,540703
PRODOCS,544643
PROFINC,511557
PROMACT,526494
PROMAX,543375
PROSTARM,544410
PROTEAN,544021
PROZONER,534675
PRSMJOHNSN,500338
PRSNTIN,519014
PRUDENT,543527
PRUDMOULI,500342
PSB,533295
PSITINFRA,505502
PSPL,544378
PSPPROJECT,540544
PSUBANK,590107
PSUBANKADD,543948
PSUBNKBEES,590108
PSUBNKIETF,543819
PTC,532524
PTCIL,539006
PTL,509220
PULSRIN,512591
PUNCTRD,512461
PUNJABCHEM,506618
PUNJCOMMU,500346
PURETROP,530077
PURITY,523315
PUROHITCON,538993
PURPLE,540159
PURPLEFIN,544191
PURPLEWAVE,544627
PURSHOTTAM,538647
PURVA,532891
PUSHPIN,531562
PVP,517556
PVRINOX,532689
PVSL,544144
PVTBANIETF,542758
PVTBANKADD,543949
PVVINFRA,536659
PWASML,531437
PWL,544609
PYRAMID,543969
PYXISFIN,534109
QGO,538646
QLL,544091
QNIFTY,590110
QPOWER,544367
QRIL,543460
QUADFUTURE,544336
QUADRANT,511116
QUAL30IETF,543956
QUANTDIA,530281
QUESS,539978
QUESTCAP,500069
QUESTFLOW,543982
QUICKHEAL,539678
QUINT,539515
RAAJMEDI,524502
RACE,537785
RACHIT,544503
RACLGEAR,520073
RACONTEUR,541703
RADAAN,590070
RADHEDE,531273
RADHIKAJWE,540125
RADIANTCMS,543732
RADICO,532497
RADIOCITY,540366
RADIXIND,531412
RAFL,538921
RAGHUNAT,526813
RAGHUSYN,514316
RAGHUTOB,531552
RAIDEEPIND,540270
RAILTEL,543265
RAIN,500339
RAINBOW,543524
RAINBOWF,531694
RAJABAH,503127
RAJESH,544291
RAJESHEXPO,531500
RAJINFRA,526823
RAJKOTINV,539495
RAJKSYN,514028
RAJNISH,541601
RAJOOENG,522257
RAJPACK,530111
RAJPALAYAM,532503
RAJPUTANA,539090
RAJRATAN,517522
RAJRILTD,530699
RAJSEC,526873
RAJSPTR,506975
RAJSREESUG,500354
RAJTUBE,530253
RAJTV,532826
RAJVI,511185
RAL,544236
RALEGRA,526095
RALLIS,500355
RAMANEWS,500356
RAMAPHO,524037
RAMAPPR-B,500357
RAMASTEEL,539309
RAMAVISION,523289
RAMCOCEM,500260
RAMCOIND,532369
RAMCOSYS,532370
RAMGOPOLY,514223
RAMINFO,530951
RAMKY,533262
RAMRAT,522281
RAMSONS,530925
RANASUG,507490
RANDER,531228
RANEHOLDIN,505800
RANJEET,541945
RANJITSE,531572
RAP,531583
RAPICUT,500360
RAPID,544237
RAPIDIN,501351
RASANDIK,522207
RASIELEC,531233
RASRESOR,507966
RATEGAIN,543417
RATHIBAR,532918
RATHIST,504903
RATNABHUMI,540796
RATNAMANI,520111
RATNAVEER,543978
RAUNAQ,537840
RAVALSUGAR,507300
RAVEL,544629
RAWEDGE,541634
RAYALEMA,526640
RAYMOND,500330
RAYMONDLSL,544240
RAYMONDREL,544420
RBA,543248
RBLBANK,540065
RBZJEWEL,544060
RCAN,543285
RCCL,538707
RCF,524230
RCL,539673
RCOM,532712
RDBIPL,533285
RDBRL,533608
RDEL,544640
RDGAIL,544552
REALECO,530053
RECLTD,532955
RECODE,544755
REDINGTON,532805
REDTAPE,543957
REETECH,543617
REFEX,532884
REGAAL,544485
REGAL,531033
REGANTO,517393
REGENCERAM,515018
REGENCY,540175
REGENTRP,512624
REGIS,543208
RELAXO,530517
RELCHEMQ,503162
RELIABLE,544207
RELIABVEN,532124
RELIANCE,500325
RELICAB,539760
RELICTEC,511712
RELIGARE,532915
RELTD,504341
RELTD-RE,751122
REMIEDEL,513043
REMSONSIND,530919
RENUKA,532670
REPCOHOME,535322
REPONO,544463
REPRO,532687
RESGEN,543805
RESONANCE,524218
RESPONIND,505509
RESPONSINF,538273
RESTILE,515085
RETAGGIO,544391
RETAIL,544197
RETINA,543902
REVAMEDIA,524504
REXNORD,531888
REXSEAL,543744
RFIL,544771
RFL,511740
RFLL,543256
RFSL,539435
RGCORP,539691
RGF,539669
RGIL,539922
RGL,532923
RGRL,519191
RHETAN,543590
RHFL,540709
RHIM,534076
RHL,543901
RIBATEX,531952
RICHUNV,530271
RICOAUTO,520008
RIDDHI,524480
RIDDHICORP,540590
RIDHISYN,504365
RIIL,523445
RIKHAV,544340
RIR,517035
RISAINTL,530251
RISHABH,543977
RISHDIGA,531539
RISHILASE,526861
RISHIROOP,526492
RISHITECH,523021
RISHYRN,514177
RITCO,542383
RITES,541556
RITESHIN,519097
RITHWIKFMS,540843
RJSHAH,509845
RKDAGRRTL,511169
RKDL,533294
RKFORGE,532527
RKSWAMY,544136
RLF,512618
RLFL,538540
RMC,540358
RMDRIP,544456
RML,532661
RNBDENIMS,538119
RNITAI,517286
ROBU,543787
RODIUM,531822
ROHLTD,532699
ROJL,543171
ROLCOEN,505807
ROLEXRINGS,543325
ROLLT,502448
ROML,533093
RONI,542145
ROOPAIND,530991
ROOPSHRI,542599
ROSELABS,531324
ROSEMER,512115
ROSSARI,543213
ROSSELLIND,533168
ROSSTECH,544294
ROTO,517500
ROUTE,543228
ROYAL,544143
ROYALCU,526193
ROYALIND,512047
RPEL,539837
RPGLIFE,532983
RPOWER,532939
RPPINFRA,533284
RPSGVENT,542333
RPTECH,544119
RRECL,544346
RRETAIL,530525
RRFIN,511626
RRIL,531307
RRKABEL,543981
RRMETAL,531667
RRSECUR,530917
RSCINT,530179
RSDFIN,539875
RSL,544731
RSSOFTWARE,517447
RSTL,540082
RSWM,500350
RSYSTEMS,532735
RTFL,538611
RTNINDIA,534597
RTNPOWER,533122
RTSPOWR,531215
RUBFILA,500367
RUBICON,544578
RUBYMILLS,503169
RUCHINFRA,509020
RUCHIRA,532785
RUDRA,539226
RUDRAECO,514010
RUDRAGAS,544121
RUNGTAIR,530449
RUPA,533552
RUSHIL,533470
RUSTOMJEE,543669
RVHL,543251
RVNL,542649
RVTH,544246
S&SPOWER,517273
SAATVIKGL,544526
SAB,539112
SABEVENTS,540081
SABOOSOD,530461
SACHEMT,531869
SADBHAV,532710
SADBHIN,539346
SADHNANIQ,506642
SAFARI,523025
SAFE,544257
SAFECURE,544596
SAFFRON,531436
SAGARSOFT,540143
SAGARSYST,511254
SAGCEM,502090
SAGILITY,544282
SAHARAHOUS,511533
SAHLIBHFI,511754
SAHYADRI,532841
SAICAPI,531931
SAICOM,512097
SAIL,500113
SAILANI,543541
SAILIFE,544306
SAINIK,530265
SAIPARENT,544742
SAKHTISUG,507315
SAKSOFT,590051
SAKTHIFIN,511066
SAKUMA,532713
SALASAR,540642
SALAUTO,539353
SALEM,540181
SALGUTI,526554
SALONA,590056
SALORAINTL,500370
SALSAIN,503635
SALSTEEL,532604
SALZERELEC,517059
SAMBANDAM,521240
SAMBHAAV,511630
SAMBHV,544430
SAMHI,543984
SAMINDUS,532005
SAMKRG,520075
SAMMAANCAP,535789
SAMOR,543376
SAMPANN,534598
SAMPAT,544520
SAMPRE,530617
SAMRATFORG,543229
SAMRATPH,530125
SAMSRITA,539267
SAMTELIN,500371
SAMTEX,521206
SAMYAKINT,530025
SANATHAN,544314
SANBLUE,521222
SANCF,511563
SANCODE,543897
SANCTRN,523116
SANDESH,526725
SANDHAR,541163
SANDUMA,504918
SANDUPHQ,524703
SANGAMFIN,538714
SANGAMIND,514234
SANGHVIMOV,530073
SANINFRA,532435
SANJIVIN,531569
SANOFI,500674
SANOFICONR,544250
SANPA,516096
SANSERA,543358
SANSTAR,544217
SANTETX,514280
SANTOSHF,530035
SANWARIA,519260
SAPL,538992
SAPPHIRE,543397
SAPPL,538795
SARDAEN,504614
SAREGAMA,532163
SARLAPOLY,526885
SARTHAKGL,530993
SARTHAKIND,531930
SARUPINDUS,514412
SARVESHWAR,543688
SARVOTTAM,539124
SASKEN,532663
SATCH,533202
SATIA,539201
SATIN,539404
SATTRIX,544189
SATTVASUKU,539519
SAUMYA,539218
SAURASHCEM,502175
SAVERA,512634
SAWACA,531893
SAYAJIHOTL,523710
SAYAJIIND,540728
SBC,542725
SBCL,513097
SBECSUG,532102
SBECSYS,517360
SBFC,543959
SBFL,521131
SBGLP,543218
SBIBPB,544385
SBICARD,543066
SBILIFE,540719
SBIMIDMOM,544722
SBIN,500112
SBINEQWETF,544215
SBINMID150,544745
SBISENSEX,535276
SBISMLETF,544763
SBIVALETF,544762
SBLI,543366
SBRANDS,540782
SBVCL,544074
SCAGRO,526081
SCANPRO,531797
SCANSTL,511672
SCARNOSE,543537
SCBL,506906
SCC,538857
SCDL,544746
SCHAEFFLER,505790
SCHAND,540497
SCHNEIDER,534139
SCI,523598
SCILAL,544142
SCODATUBES,544411
SCOOBEEDAY,531234
SCPL,540757
SCTL,539526
SDBL,507514
SDC,535647
SEALMATIC,543782
SEAMECLTD,526807
SEASONST,514264
SEATV,533268
SECMARK,543234
SECURKLOUD,512161
SEDEMAC,544723
SEIL,539921
SEJALLTD,532993
SEKURITIND,515043
SEL,509423
SELECTIPO,544376
SELECTRIC,544786
SELMC,532886
SEMAC,505368
SEML,543515
SENCO,543936
SENORES,544319
SENSEX1,532985
SENSEXADD,543947
SENSEXBEES,538683
SENSEXBETA,539312
SENSEXETF,543999
SENSEXIETF,555555
SEPC,532945
SERA,512399
SESHAPAPER,502450
SETCO,505075
SETFBSE100,539031
SETFNIF50,590138
SETFNIFBK,590137
SETFSN50,541972
SETL,544333
SETUINFRA,533605
SEVL,544428
SEYAIND,524324
SFL,540203
SFPIL,526532
SFSL,543519
SFTL,501479
SGFIN,539199
SGFRL,543391
SGIL,541929
SGL,532730
SGLRES,526544
SGMART,512329
SGNTE,531812
SGRL,540737
SHADOWFAX,544685
SHAH,533275
SHAH-RE1,751121
SHAHALLOYS,513436
SHAHCON,509870
SHAHISHIP,526508
SHAHLON,542862
SHAILY,501423
SHAKTIPR,526841
SHAKTIPUMP,531431
SHALBY,540797
SHALIWIR,532455
SHALPAINTS,509874
SHALPRO,512499
SHANGAR,540259
SHANKARA,540425
SHANMUGA,544365
SHANTIDENM,544059
SHANTIGEAR,522034
SHANTIGOLD,544459
SHANTIGURU,534708
SHAQUAK,531925
SHARDACROP,538666
SHARDAMOTR,535602
SHARDUL,512393
SHAREINDIA,540725
SHARIABEES,590109
SHARIKA,540786
SHARMEH,524548
SHARPINV,538212
SHARPLINE,543341
SHARVAYA,544506
SHASHANK,540221
SHASHIJIT,540147
SHAWGELTIN,526739
SHAYONAENG,544686
SHBAJRG,526981
SHEKHAWATI,533301
SHELTER,543963
SHEMAROO,538685
SHENTRA,530757
SHERVANI,526117
SHESHAINDS,539111
SHETR,526137
SHGANEL,530797
SHHARICH,524336
SHIKHAR,526883
SHIKHARLETR,507952
SHILCTECH,531201
SHILGRAVQ,513709
SHILINDORE,544080
SHILPAMED,530549
SHINDL,519397
SHINEFASH,543244
SHIPWAVES,544646
SHISHIND,540693
SHIVA,539593
SHIVAAGRO,530433
SHIVACEM,532323
SHIVAEXPO,540072
SHIVAGR,522237
SHIVALIK,539148
SHIVAM,544165
SHIVAMAUTO,532776
SHIVAMILLS,540961
SHIVATEX,511108
SHIVKAMAL,539683
SHIVTEXCHEM,544272
SHK,539450
SHKALYN,532083
SHKARTP,516106
SHLOKKA,544582
SHOORA,543970
SHOPERSTOP,532638
SHPLPUNE,544090
SHRAAITECH,543976
SHRADDHA,531771
SHRAJOI,530295
SHRAJSYNQ,503837
SHRDAIS,513548
SHREDIGCEM,502180
SHREE,544083
SHREECEM,500387
SHREEGANES,539470
SHREEJISPG,544490
SHREENATH,544372
SHREEPAC,527005
SHREEPUSHK,539334
SHREERAMA,532310
SHREEREF,544458
SHREESEC,538975
SHREESHAY,541112
SHREMETAL,531962
SHRENTI,503696
SHREYANIND,516016
SHREYASI,526335
SHRICON,508961
SHRIDINE,503804
SHRIGANG,523309
SHRIKRISH,531080
SHRINGARMS,544512
SHRIPISTON,544344
SHRIRAMFIN,511218
SHRIRAMPPS,543419
SHRISTI,511411
SHRJAGP,512453
SHRMFGC,503863
SHRYDUS,511493
SHTL,544607
SHUBHAM,542019
SHUKJEW,523790
SHUKRAPHAR,524632
SHVFL,532007
SHVSUIT,521003
SHYAM,512060
SHYAMACOMP,531219
SHYAMCENT,539252
SHYAMMETL,543299
SHYAMTEL,517411
SHYMINV,505515
SIBARAUT,520141
SICAGEN,533014
SICALLOG,520086
SICAPIT,530907
SICL,531640
SIDDHA,530439
SIDDHEGA,526877
SIDH,539983
SIEL,519234
SIEMENS,500550
SIGACHI,543389
SIGIND,512131
SIGMA,543917
SIGMAADV,532408
SIGNATURE,543990
SIGNGCL,507663
SIGNPOST,544117
SIHORA,544585
SIIL,540132
SIKA,523606
SIKOZY,524642
SIL,530017
SILINV,521194
SILVERO,512197
SILVERPRL,543536
SILVERTUC,543525
SILVOAK,531635
SIMANDHAR,544662
SIMBHALS,539742
SIMMOND,507998
SIMPLEXCAS,513472
SIMPLEXINF,523838
SIMPLXMIL,533018
SIMPLXPAP,533019
SIMPLXREA,503229
SIMRAN,519566
SINCLAIR,523023
SINDHUTRAD,532029
SINGERIND,505729
SINNAR,509887
SIPL,526839
SIRCA,543686
SIROHIA,538667
SIS,540673
SISL,543598
SITAENT,512589
SITINET,532795
SIYARAM,544047
SIYSIL,503811
SIZEMASTER,513496
SJS,543387
SJVN,533206
SKCIL,530977
SKFINDIA,500472
SKFINDUS,544572
SKIEL,542728
SKIFL,542146
SKIPPER,538562
SKL,540269
SKM,544584
SKMEGGPROD,532143
SKPMIL,500388
SKPSEC,531169
SKRABUL,531506
SKYBIOTECH,512036
SKYGOLD,541967
SKYIND,526479
SKYLMILAR,505650
SLSTLQ,521161
SMALL250,544605
SMALLADD,544654
SMALLCAP,544130
SMARITIME,544056
SMARTFIN,539494
SMARTLINK,532419
SMARTWORKS,544447
SMAUTO,543065
SMCGLOBAL,543263
SMCREDT,532138
SMEL,541799
SMFIL,513418
SMGOLD,542034
SML,539378
SML100CASE,544507
SMLMAH,505192
SMLT,540393
SMR,544774
SMRUTHIORG,540686
SMSPHARMA,532815
SMTEL,538563
SNIM,539911
SNL,505827
SNOWMAN,538635
SNXT30BEES,544415
SNXT50BEES,542747
SNXT50BETA,542513
SOBHA,532784
SOBME,512014
SODHACAP,544560
SOFCOM,538923
SOFTRAKV,531529
SOFTTECH,543470
SOLARA,541540
SOLARINDS,532725
SOLARIUM,544354
SOLARWORLD,544532
SOLIDSTON,513699
SOLIMAC,522152
SOLVEX,544539
SOMANYCERA,531548
SOMATEX,521034
SOMICONVEY,533001
SONACOMS,543300
SONAL,538943
SONALAD,526901
SONALIS,543924
SONATSOFTW,532221
SOTL,524667
SOURCEIND,521036
SOURCENTRL,531398
SOUTHBANK,532218
SOUTHERNIN,540174
SOUTHMG,513498
SOUTHWEST,543986
SOUTLAT,514454
SOVERDIA,523826
SPACAPS,542376
SPACEINCUBA,541890
SPAL,540048
SPANDANA,542759
SPAR,531370
SPARC,532872
SPARKLEGR,530037
SPCAPIT,530289
SPECFOOD,531982
SPECIALITY,534425
SPECTRA,513687
SPECTRUM,544386
SPELS,517166
SPENCERS,542337
SPENTA,526161
SPIC,590030
SPICEISLIN,526827
SPICEJET,500285
SPICELOUNG,539895
SPINAROO,544392
SPITZE,543464
SPL,544035
SPLIL,532651
SPLPETRO,500405
SPML,544738
SPMLINFRA,500402
SPORTKING,539221
SPRAYKING,540079
SPRIGHT,531205
SPSL,533110
SPTRSHI,519238
SPVGLOBAL,512221
SRAMSET,531359
SRD,542232
SRECR,514248
SREEL,535601
SRESTHA,539217
SRF,503806
SRGFFL,536710
SRGHFL,534680
SRHHYPOLTD,532842
SRICC,518053
SRIGEE,544399
SRIKPRIND,514442
SRINACHA,521234
SRM,544158
SRMCL,521178
SRSOLTD,543615
SRTL,544716
SRUSTEELS,540914
SSDL,544230
SSFLPP,890221
SSL,544251
SSMD,544621
SSPDL,530821
SSPNFIN,539026
SSTL,543461
SSWL,513262
SSWRL,513488
STAL,544171
STALLION,544342
STANBIK,544659
STANCAP,511700
STANLEY,544202
STANPACK,530931
STANROS,506105
STAR,532531
STARCEMENT,540575
STARCOM,531616
STARDELTA,539255
STARHEALTH,543412
STARHFL,539017
STARIMAGIN,544482
STARLENT,540492
STARLOG,520155
STARPAPER,516022
STARSOURCE,506365
STARTECK,512381
STCINDIA,512531
STCORP,514197
STDBAT,504180
STDSFAC,526231
STDSHOE,523351
STEELCAS,513517
STEELXIND,534748
STEL,533316
STELLANT,526071
STELLAR,536738
STEP2COR,531509
STERPOW,513575
STERTOOLS,530759
STHINPA,516108
STL,540738
STLNETWORK,544395
STLSTRINF,513173
STLTECH,532374
STML,543622
STOVACQ,504959
STOVEKRAFT,543260
STRAEXPO,541633
STRATMONT,530495
STRGRENWO,526500
STUDDS,544599
STYL,544533
STYLAMIND,526951
STYLEBAAZA,544243
STYRENIX,506222
SUBAM,544267
SUBEXLTD,532348
SUBROS,517168
SUBSM,530231
SUCROSA,530883
SUDAI,506003
SUDARCOLOR,506390
SUDARSCHEM,506655
SUDARSHAN,543828
SUDEEPPHRM,544619
SUDTIND-B,521113
SUERYAAKNI,540318
SUGALDAM,511654
SUGSLLOYD,544501
SUJALA,539117
SUKHJITS,524542
SULA,543711
SULABEN,508969
SUMEDHA,530419
SUMEETINDS,514211
SUMERUIND,530445
SUMICHEM,542920
SUMMITSEC,533306
SUNCITYSY,530795
SUNCLAY,544066
SUNDARAM,533166
SUNDARMFIN,590071
SUNDRMBRAK,590072
SUNDRMFAST,500403
SUNDROP,500215
SUNFLAG,500404
SUNGOLD,531433
SUNILAGR,530953
SUNILTX,521232
SUNITATOOL,544001
SUNLOC,537253
SUNPHARMA,524715
SUNRAJDI,523425
SUNRAKSHAK,539300
SUNRETAIL,542025
SUNRINV,501110
SUNSHIEL,530845
SUNSKY,544566
SUNTECK,512179
SUNTV,532733
SUPER,512527
SUPERBAK,530735
SUPERHOUSE,523283
SUPERIOR,539835
SUPERIRON,544381
SUPERSHAKT,541701
SUPERSPIN,521180
SUPERTEX,526133
SUPHA,539561
SUPRAJIT,532509
SUPRAPFSL,540168
SUPRATRE,511539
SUPREME,530677
SUPREMEIND,509930
SUPREMEINF,532904
SUPRIYA,543434
SUPTANERY,523842
SURAJ,518075
SURAJEST,544054
SURAJINDPP,890226
SURAJLTD,531638
SURAKSHA,544293
SURANASOL,533298
SURANAT&P,517530
SURATRAML,530185
SURBHIN,514260
SURFI,519604
SURJIND,526211
SURYAAMBA,533101
SURYAINDIA,539253
SURYALA,514138
SURYALAXMI,521200
SURYAROSNI,500336
SURYODAY,543279
SUSAN,544793
SUTLEJTEX,532782
SUVEN,530239
SUVIDHAA,543281
SUYOG,537259
SUZLON,532667
SVAINDIA,531885
SVAMSOF,523722
SVARTCORP,512257
SVCIND,524488
SVGLOBAL,535621
SVJ,543799
SVPGLOB,505590
SVRL,543373
SVS,543745
SWADEIN,506863
SWADHATURE,531039
SWADPOL,503816
SWAGTAM,539406
SWANAGRO,544082
SWANCORP,503310
SWANDEF,533107
SWARAJENG,500407
SWARNSAR,526365
SWASTH,544368
SWASTIKA,530585
SWASTIKAAL,544452
SWASTIVI,510245
SWATIPRO,543914
SWELECTES,532051
SWIGGY,544285
SWISSMLTRY,523558
SWITCHTE,517201
SWOJAS,530217
SWRNASE,531003
SWSOLAR,542760
SYLPH,511447
SYMBIOX,539278
SYMPHONY,517385
SYNCOMF,524470
SYNGENE,539268
SYRMA,543573
SYSCHEM,531173
SYSTEMATIC,544541
SYSTMTXC,526506
SYTIXSE,531432
TAALTECH,539956
TAHMARENT,516032
TAIIND,519483
TAINWALCHM,507785
TAJGVK,532390
TAKE,532890
TAKYON,544471
TALBROAUTO,505160
TALBROSENG,538987
TAMBOLIIN,533170
TANAA,522229
TANDHANIN,512062
TANFACIND,506854
TANLA,532790
TANVI,540332
TAPARIA,505685
TARAI,519285
TARAPUR,533203
TARC,543249
TARIL,532928
TARINI,538496
TARMAT,532869
TARSONS,543399
TASHIND,512271
TASTYBITE,519091
TATACAP,544574
TATACHEM,500770
TATACOMM,500483
TATACONSUM,500800
TATAELXSI,500408
TATAINVEST,501301
TATAPOWER,500400
TATASTEEL,500470
TATATECH,544028
TATIAGLOB,521228
TATVA,543321
TBOTEK,544174
TBZ,534369
TCC,512038
TCFCFINQ,532284
TCI,532349
TCIEXP,540212
TCIFINANCE,501242
TCIIND,532262
TCMLMTD,524156
TCPLPACK,523301
TCS,532540
TDPOWERSYS,533553
TDSL,540955
TEAM24,500458
TEAMGTY,511559
TEAMLEASE,539658
TECH,543472
TECHCON,509917
TECHKGREEN,543991
TECHM,532755
TECHNICHEM,544327
TECHNOE,542141
TECHNOPACK,543656
TECHNVISN,501421
TECILCHEM,506680
TEEAI,524204
TEGA,543413
TEJASNET,540595
TEJASSVI,531628
TEJNAKSH,539428
TELECANOR,530595
TELGE,544544
TELOGICA,532975
TENNIND,544612
TERAI,530533
TERASOFT,533982
TERRAFORM,506162
TERRAREAL,512157
TEXELIN,526638
TEXINFRA,505400
TEXMOPIPES,533164
TEXRAIL,533326
TFCILTD,526650
TFL,532812
TFLL,539488
TFSL,539468
TGBHOTELS,532845
TGIF,544175
TGVSL,507753
THACKER,509945
THAKDEV,526654
THAKKERS,507530
THAKRAL,509015
THANGAMAYL,533158
THEINVEST,530023
THELEELA,544408
THEMISMED,530199
THERMAX,500411
THINKINK,539310
THOMASCOOK,500413
THOMASCOTT,533941
THREEMPAPE,544214
THRIVE,523120
THYROCARE,539871
TI,507205
TICL,532738
TIERRA,543531
TIGERLOGS,536264
TIGLOB,522294
TIHIL,523752
TIIL,532804
TIINDIA,540762
TIJARIA,533629
TIL,505196
TILAK,503663
TIMESGREEN,543310
TIMETECHNO,532856
TIMEX,500414
TIMKEN,522113
TINNARUBR,530475
TIPCO,544740
TIPSFILMS,543614
TIPSMUSIC,532375
TIRSARJ,531814
TIRTPLS,526675
TIRUFOAM,540904
TIRUMALCHM,500412
TIRUPATIIN,539040
TIRUSTA,524582
TITAANIUM,539985
TITAGARH,532966
TITAN,500114
TITANBIO,524717
TITANIN,521005
TITANSEC,530045
TLL,543616
TMB,543596
TMCV,544569
TMPV,500570
TNPETRO,500777
TNPL,531426
TNTELE,523419
TOKYOFIN,531644
TOKYOPLAST,500418
TOLINS,544254
TOP100CASE,544194
TOP10ADD,544247
TOP15IETF,544427
TOP20,544660
TORNTPHARM,500420
TORNTPOWER,532779
TOTEM,544186
TOYAMSL,538607
TPHQ,533048
TPINDIA,500421
TPLPLASTEH,526582
TPROJECT,538464
TRABI,526139
TRACXN,543638
TRADEUNO,544594
TRADEWELL,531203
TRADWIN,509953
TRANOCE,509003
TRANSCHEM,500422
TRANSCOR,532410
TRANSFD,519367
TRANSFRE,513063
TRANSPACT,542765
TRANSPEK,506687
TRANSRAILL,544317
TRANSVOY,543754
TRANSWORLD,520151
TRANWAY21,542923
TRAVELFOOD,544443
TRAVELS,544242
TREEHOUSE,533540
TREJHARA,542233
TREL,543955
TRENT,500251
TRESCON,532159
TRF,505854
TRICOMFRU,531716
TRIDENT,521064
TRIGYN,517562
TRILIANCE,509046
TRINITYLEA,531846
TRIOMERC,534755
TRIPR,512101
TRISHAKT,531279
TRITONV,505978
TRITURBINE,533655
TRIUMPIN,532131
TRIVENI,532356
TRIVENIENT,538569
TRIVENIGQ,502281
TRL,541228
TRU,540268
TRUALT,544545
TRUECOLORS,544531
TRUEGREEN,533407
TRUSTEDGE,532056
TSIFDG,544649
TSIFDIR,544650
TSIFRG,544651
TSIFRIP,544652
TSIFRIR,544653
TSPIRITUAL,532444
TTC,544303
TTFL,540726
TTGIL,512018
TTIENT,538597
TTKHLTCARE,507747
TTKPRESTIG,517506
TTL,514142
TTLEL,514236
TTML,532371
TULASEEBIOE,524514
TULIVE,505285
TULSYAN,513629
TUNITEX,531411
TUSALDAH,531301
TUTIALKA,506808
TVOLCON,511096
TVSELECT,532513
TVSHLTD,520056
TVSMOTOR,532343
TVSSCS,543965
TVSSRICHAK,509243
TVTODAY,532515
TVVISION,540083
TWIROST,512117
TYCHE,532384
TYPHOON,512307
TYROON,526945
UBL,532478
UCAL,500464
UCIL,541358
UCOBANK,532505
UDAYJEW,539518
UDS,543996
UEL,533644
UFBL,543283
UFLEX,500148
UFMINDL,531610
UFO,539141
UGARSUGAR,530363
UGROCAP,511742
UHMVL,544779
UHZAVERI,541338
UJJIVANSFB,542904
ULTRACAB,538706
ULTRACEMCO,532538
ULTRAMAR,506685
UMAEXPORTS,543513
UMESLTD,532398
UMIYA,539798
UMIYA-MRO,532376
UML,544464
UNIABEXAL,504605
UNIAUTO,539314
UNICHEMLAB,506690
UNICK,541503
UNIDT,522014
UNIECOM,544227
UNIENTER,500429
UNIFIED,544406
UNIJOLL,503671
UNIMECH,544322
UNIONBANK,532477
UNIPARTS,543689
UNIQUEO,530997
UNIROYAL,521226
UNISEM,544648
UNISHIRE,537582
UNISON,538610
UNITDCR,531091
UNITDSPR,532432
UNITECH,507878
UNITEDINT,502893
UNITEDPOLY,544756
UNITINT,531867
UNIVARTS,532378
UNIVCABLES,504212
UNIVPHOTO,542933
UNIVSTAR,524408
UNIWSEC,512408
UNJHAFOR,531762
UNOMINDA,532539
UNRYLMA,526113
UNTTEMI,507808
UPHOT,509960
UPL,512070
UPROTECH,540189
UPSURGE,531390
URAVIDEF,543930
URBANCO,544515
URJA,526987
URSUGAR,539097
USGTECH,532402
USHAKIRA,511507
USHAMART,517146
USK,543861
UTIAMC,543238
UTIQUE,500014
UTKARSHBNK,543942
UTLINDS,500426
UTLSOLAR,544613
UTTAMSUGAR,532729
UVDRHOR,522091
UVS,531652
UYFINCORP,530579
V2RETAIL,532867
VAARAD,532320
VADILALIND,519156
VADILENT,519152
VAHH,544778
VAIBHAVGBL,532156
VAICC,526941
VAKRANGEE,511431
VAL30IETF,544275
VALENCIA,542910
VALIANT,526775
VALIANTLAB,543998
VALIANTORG,540145
VALINDIA,544433
VALLABHSQ,513397
VALLEY,539543
VALPLAST,544565
VALSONQ,530459
VALUE,544737
VAMA,512175
VAML,544780
VAMSHIRU,530369
VANDAN,544436
VANDU,544329
VANICOM,538918
VANTABIO,540729
VAPIENTER,502589
VARDHANCFL,542931
VARDMNPOLY,514175
VARIMAN,540570
VARROC,541578
VARUNME,512511
VARYAA,544168
VASCONEQ,533156
VASHISHTHA,544508
VASUPRADA,538092
VASWANI,533576
VBDESAI,511110
VBIND,539123
VBL,540180
VCU,536672
VEDANTASSET,543623
VEDAVAAG,533056
VEDL,500295
VEDPOWER,544781
VEEDOL,590005
VEEFIN,543931
VEERENRGY,503657
VEERHEALTH,511523
VEERKRUPA,543545
VEGA,512026
VEL,542803
VELHO,526755
VELJAN,505232
VELOX,506178
VENKEYS,523261
VENLONENT,524038
VENMAX,531015
VENTIVE,544321
VENTURA,516098
VENUSPIPES,543528
VENUSREM,526953
VERANDA,543514
VERITAS,512229
VERTEX,531950
VERTEXPP,890234
VESUVIUS,520113
VETO,539331
VGCL,538732
VGIL,543241
VGL,514274
VGUARD,532953
VHL,500439
VHLTD,523796
VICTMILL,503349
VIDHIING,531717
VIDYAWIRES,544633
VIJAYA,543350
VIJIFIN,537820
VIJSOLX,531069
VIKALPS,531334
VIKASECO,530961
VIKASLIFE,542655
VIKASPROP,531518
VIKASWSP,519307
VIKRAMAR,544371
VIKRAMSOLR,544488
VIKRAMTH,530477
VIKRAN,544496
VIKSHEN,506196
VIMTALABS,524394
VINATIORGA,524200
VINAYAKPOL,534639
VINCOFE,538920
VINDHYATEL,517015
VINEETLAB,543298
VINNY,543670
VINRKLB,526075
VINTAGES,531051
VINVANI,512517
VINYLINDIA,524129
VINYOFL,530401
VIPCLOTHNG,532613
VIPIND,507880
VIPPYSP,514302
VIPULLTD,511726
VIPULORG,530627
VIRAT,530521
VIRATCRA,519457
VIRGOGLOB,532354
VIRINCHI,532372
VIRTUALG,534741
VIRYA,512479
VISACHROME,532721
VISAGAR,531025
VISAKAIND,509055
VISHAL,538598
VISHALBL,539398
VISHNU,516072
VISHWARAJ,542852
VISIONCINE,526441
VISIONCO,531668
VISL,544784
VISTAPH,524711
VISTARAMAR,538565
VISVEN,512064
VIVAA,544002
VIVANTA,541735
VIVANZA,530057
VIVIDHA,506146
VIVIDIND,524576
VIVIDM,542046
VIVIMEDLAB,532660
VIVOBIOT,511509
VIYASH,512529
VJLAXMIE,522267
VJTFEDU,509026
VKAL,539761
VLEGOV,543958
VLL,539167
VLSFINANCE,511333
VMART,534976
VMM,544307
VMS,533427
VMSTMT,544521
VOEPL,543597
VOGL,544782
VOITHPAPR,522122
VOLKAI,506122
VOLLF,509038
VOLTAMP,532757
VOLTAS,500575
VPAL,544765
VPL,544011
VPRPL,543974
VRAJ,544204
VRFILMS,542654
VRL,538634
VRLLOG,539118
VRUDDHI,544157
VSDCONF,531696
VSFPROJ,519331
VSL,540252
VSSL,534392
VSTIND,509966
VSTL,544124
VSTTILLERS,531266
VTL,502986
VTMLTD,532893
VVIPIL,544219
VXLINSTR,517399
WAA,541445
WAAREE,539337
WAAREEENER,544277
WAAREEINDO,533257
WAAREERTL,534618
WABAG,533269
WAGEND,503675
WAKEFIT,544642
WALCHANNAG,507410
WALCHPF,501370
WALLFORT,532053
WANBURY,524212
WARDHEALTH,512063
WARDINMOBI,538970
WARDWIZFBL,539132
WARRENTEA,508494
WATERBASE,523660
WCIL,544258
WEALTH,544536
WEBELSOLAR,517498
WEBSL,780016
WEIZMANIND,523011
WEL,543449
WELCORP,532144
WELCURE,524661
WELENT,532553
WELINV,533252
WELSPLSOL,500365
WELSPUNLIV,514162
WELTI,526431
WENDT,505412
WEPSOLN,532373
WESTLEIRES,538382
WESTLIFE,505533
WEWIN,543535
WEWORK,544570
WHBRADY,501391
WHEELS,590073
WHIRLPOOL,500238
WHITEORG,513713
WHITHAL,512431
WILLAMAGOR,519224
WILLIMFI,519214
WINDLAS,543329
WINDMACHIN,522029
WINROC,512022
WINSOMBR,526471
WINSOME,514348
WINSOMTX,514470
WIPRO,507685
WIREFABR,507817
WITS,543436
WMINIMT,504998
WOCKPHARMA,532300
WOMENNET,531396
WONDERLA,538268
WORKMATES,544610
WORTH,538451
WORTHPERI,544577
WOSAL,544636
WPIL,505872
WSFX,511147
WSI,504220
WSTCSTPAPR,500444
WWALUM,526525
XCHANGING,532616
XELPMOC,542367
XPROINDIA,590013
XTGLOBAL,531225
YAANENT,538521
YAASHVI,544770
YAJUR,544676
YAMNINV,511012
YARNSYN,514378
YASHCHEM,539939
YASHHTEJ,544708
YASHHV,544310
YASHINNO,523650
YASHMGM,511601
YASHO,541167
YASHRAJC,530063
YATHARTH,543950
YATRA,543992
YESBANK,532648
YOGI,511702
YOGISUNG,522209
YORKEXP,530675
YSL,540980
YUG,540550
YUKEN,522108
YUNIKM,533149
YURANUS,536846
YUVRAAJHPL,531663
ZAGGLE,543985
ZAPPFRESH,544568
ZARCOLEA,511038
ZBINTXPP,523054
ZDHJERK,531043
ZEAL,539963
ZEEL,505537
ZEELEARN,533287
ZEEMEDIA,532794
ZELIO,544563
ZENIFIB,514266
ZENITHEXPO,512553
ZENITHHE,530665
ZENITHSTL,531845
ZENLABS,530697
ZENOTECH,532039
ZENSARTECH,504067
ZENTEC,533339
ZFCVINDIA,533023
ZFSTEERING,505163
ZGAEKWAR,502850
ZGOLDINV,501111
ZHEMHOLD,505520
ZHINDHSG,509650
ZHINUDYP,513039
ZIMLAB,541400
ZINEMA,538579
ZJEETMAC,513012
ZKHANDEN,519064
ZKOVALIN,505585
ZMANSOON,512303
ZMILGFIN,511018
ZMULTIPU,504356
ZNILKENG,512004
ZNIVITRD,512245
ZODIAC,543416
ZODIACLOTH,521163
ZODIACVEN,503641
ZODJRDMKJ,512587
ZPRBHSTE,506042
ZR2,506640
ZSARACOM,512020
ZSARVAMA,506190
ZSATYASL,503893
ZSHERAPR,512367
ZSOUTGAS,509910
ZSPEEDCO,512291
ZSVARAJT,503624
ZSVTRADI,503622
ZUARI,534742
ZUARIIND,500780
ZWELCAST,504988
ZYDUSLIFE,532321
ZYDUSWELL,531335
